uid,dialogue_id,agent,gold_desire,pred,raw_response,desire_em
566-5_agent_1_desire,566-5,agent_1,"{'High': 'None', 'Medium': 'None', 'Low': 'None'}",,,0
566-5_agent_2_desire,566-5,agent_2,"{'High': 'Food', 'Medium': 'Firewood', 'Low': 'Water'}","{'high': 'firewood', 'medium': 'food', 'low': 'water'}","{""high"":""firewood"",""medium"":""food"",""low"":""water""}",0
482-1_agent_1_desire,482-1,agent_1,"{'High': 'Not Given', 'Medium': 'Not Given', 'Low': 'Not Given'}","{'high': 'Firewood', 'medium': 'Not Given', 'low': 'Not Given'}","{""high"":""Firewood"",""medium"":""Not Given"",""low"":""Not Given""}",0
482-1_agent_2_desire,482-1,agent_2,"{'High': 'Not Given', 'Medium': 'Not Given', 'Low': 'Not Given'}","{'high': 'Not Given', 'medium': 'Not Given', 'low': 'Not Given'}","{""high"":""Not Given"",""medium"":""Not Given"",""low"":""Not Given""}",1
525-7_agent_1_desire,525-7,agent_1,"{'High': 'None', 'Medium': 'None', 'Low': 'None'}","{'high': 'Food', 'medium': 'Water', 'low': 'Firewood'}","{""high"":""Food"",""medium"":""Water"",""low"":""Firewood""}",0
525-7_agent_2_desire,525-7,agent_2,"{'High': 'Water', 'Medium': 'Food', 'Low': 'Firewood'}","{'high': 'Water', 'medium': 'Food', 'low': 'Firewood'}","{""high"":""Water"",""medium"":""Food"",""low"":""Firewood""}",1
605-2_agent_1_desire,605-2,agent_1,"{'High': 'Not Given', 'Medium': 'Not Given', 'Low': 'Firewood'}","{'high': 'food and water', 'medium': 'Not Given', 'low': 'Not Given'}","{""high"":""food and water"",""medium"":""Not Given"",""low"":""Not Given""}",0
605-2_agent_2_desire,605-2,agent_2,"{'High': 'Water', 'Medium': 'Firewood', 'Low': 'Food'}","{'high': 'water', 'medium': 'firewood', 'low': 'food'}","{""high"":""water"",""medium"":""firewood"",""low"":""food""}",1
73-0_agent_1_desire,73-0,agent_1,"{'High': 'Not Given', 'Medium': 'Not Given', 'Low': 'Not Given'}","{'high': 'Not Given', 'medium': 'Not Given', 'low': 'Not Given'}","{""high"":""Not Given"",""medium"":""Not Given"",""low"":""Not Given""}",1
73-0_agent_2_desire,73-0,agent_2,"{'High': 'Not Given', 'Medium': 'Not Given', 'Low': 'Not Given'}","{'high': 'Not Given', 'medium': 'Not Given', 'low': 'Not Given'}","{""high"":""Not Given"",""medium"":""Not Given"",""low"":""Not Given""}",1
523-2_agent_1_desire,523-2,agent_1,"{'High': 'Food', 'Medium': 'Water', 'Low': 'Firewood'}","{'high': 'food', 'medium': 'water', 'low': 'firewood'}","{""high"":""food"",""medium"":""water"",""low"":""firewood""}",1
523-2_agent_2_desire,523-2,agent_2,"{'High': 'Not Given', 'Medium': 'Not Given', 'Low': 'Not Given'}","{'high': 'Not Given', 'medium': 'Not Given', 'low': 'Not Given'}","{""high"":""Not Given"",""medium"":""Not Given"",""low"":""Not Given""}",1
589-5_agent_1_desire,589-5,agent_1,"{'High': 'None', 'Medium': 'None', 'Low': 'None'}","{'high': 'Firewood', 'medium': 'Food', 'low': 'Water'}","{""high"":""Firewood"",""medium"":""Food"",""low"":""Water""}",0
589-5_agent_2_desire,589-5,agent_2,"{'High': 'Food', 'Medium': 'Water', 'Low': 'Firewood'}","{'high': 'Food', 'medium': 'Water', 'low': 'Firewood'}","{""high"":""Food"",""medium"":""Water"",""low"":""Firewood""}",1
29-4_agent_1_desire,29-4,agent_1,"{'High': 'Water', 'Medium': 'Food', 'Low': 'Firewood'}","{'high': 'Water', 'medium': 'Firewood', 'low': 'Food'}","{""high"":""Water"",""medium"":""Firewood"",""low"":""Food""}",0
29-4_agent_2_desire,29-4,agent_2,"{'High': 'Food', 'Medium': 'Not Given', 'Low': 'Not Given'}","{'high': 'food', 'medium': 'Not Given', 'low': 'Not Given'}","{""high"":""food"",""medium"":""Not Given"",""low"":""Not Given""}",1
152-3_agent_1_desire,152-3,agent_1,"{'High': 'Firewood', 'Medium': 'Water', 'Low': 'Food'}","{'high': 'Firewood', 'medium': 'Water', 'low': 'Food'}","{""high"":""Firewood"",""medium"":""Water"",""low"":""Food""}",1
152-3_agent_2_desire,152-3,agent_2,"{'High': 'Food', 'Medium': 'Water', 'Low': 'Firewood'}","{'high': 'Food', 'medium': 'Firewood', 'low': 'Water'}","{""high"":""Food"",""medium"":""Firewood"",""low"":""Water""}",0
173-8_agent_1_desire,173-8,agent_1,"{'High': 'Food', 'Medium': 'Firewood', 'Low': 'Water'}","{'high': 'Food', 'medium': 'Water', 'low': 'Firewood'}","{""high"":""Food"",""medium"":""Water"",""low"":""Firewood""}",0
173-8_agent_2_desire,173-8,agent_2,"{'High': 'Food', 'Medium': 'Firewood', 'Low': 'Water'}","{'high': 'Food', 'medium': 'Firewood', 'low': 'Water'}","{""high"":""Food"",""medium"":""Firewood"",""low"":""Water""}",1
467-4_agent_1_desire,467-4,agent_1,"{'High': 'Food', 'Medium': 'Firewood', 'Low': 'Water'}","{'high': 'Food', 'medium': 'Firewood', 'low': 'Water'}","{""high"":""Food"",""medium"":""Firewood"",""low"":""Water""}",1
467-4_agent_2_desire,467-4,agent_2,"{'High': 'Food', 'Medium': 'Firewood', 'Low': 'Water'}","{'high': 'Food', 'medium': 'Firewood', 'low': 'Water'}","{""high"":""Food"",""medium"":""Firewood"",""low"":""Water""}",1
108-0_agent_1_desire,108-0,agent_1,"{'High': 'Not Given', 'Medium': 'Not Given', 'Low': 'Not Given'}","{'high': 'Not Given', 'medium': 'Not Given', 'low': 'Not Given'}","{""high"":""Not Given"",""medium"":""Not Given"",""low"":""Not Given""}",1
108-0_agent_2_desire,108-0,agent_2,"{'High': 'Not Given', 'Medium': 'Not Given', 'Low': 'Not Given'}","{'high': 'Not Given', 'medium': 'Not Given', 'low': 'Not Given'}","{""high"":""Not Given"",""medium"":""Not Given"",""low"":""Not Given""}",1
546-1_agent_1_desire,546-1,agent_1,"{'High': 'Not Given', 'Medium': 'Not Given', 'Low': 'Food'}","{'high': 'Not Given', 'medium': 'Not Given', 'low': 'Not Given'}","{""high"":""Not Given"",""medium"":""Not Given"",""low"":""Not Given""}",0
546-1_agent_2_desire,546-1,agent_2,"{'High': 'Not Given', 'Medium': 'Not Given', 'Low': 'Not Given'}","{'high': 'Not Given', 'medium': 'Not Given', 'low': 'Not Given'}","{""high"":""Not Given"",""medium"":""Not Given"",""low"":""Not Given""}",1
43-0_agent_1_desire,43-0,agent_1,"{'High': 'Food', 'Medium': 'Firewood', 'Low': 'Water'}","{'high': 'Food', 'medium': 'Firewood', 'low': 'Water'}","{""high"":""Food"",""medium"":""Firewood"",""low"":""Water""}",1
43-0_agent_2_desire,43-0,agent_2,"{'High': 'Firewood', 'Medium': 'Water', 'Low': 'Food'}","{'high': 'Firewood', 'medium': 'Water', 'low': 'Food'}","{""high"":""Firewood"",""medium"":""Water"",""low"":""Food""}",1
453-3_agent_1_desire,453-3,agent_1,"{'High': 'Water', 'Medium': 'Food', 'Low': 'Firewood'}","{'high': 'water', 'medium': 'Not Given', 'low': 'Not Given'}","{""high"":""water"",""medium"":""Not Given"",""low"":""Not Given""}",0
453-3_agent_2_desire,453-3,agent_2,"{'High': 'Water', 'Medium': 'Firewood', 'Low': 'Food'}","{'high': 'Water', 'medium': 'Firewood', 'low': 'Food'}","{""high"":""Water"",""medium"":""Firewood"",""low"":""Food""}",1
591-3_agent_1_desire,591-3,agent_1,"{'High': 'Food', 'Medium': 'Water', 'Low': 'Firewood'}","{'high': 'food', 'medium': 'water', 'low': 'Not Given'}","{""high"":""food"",""medium"":""water"",""low"":""Not Given""}",0
591-3_agent_2_desire,591-3,agent_2,"{'High': 'Firewood', 'Medium': 'Water', 'Low': 'Food'}","{'high': 'firewood', 'medium': 'water', 'low': 'food'}","{""high"":""firewood"",""medium"":""water"",""low"":""food""}",1
109-1_agent_1_desire,109-1,agent_1,"{'High': 'Not Given', 'Medium': 'Not Given', 'Low': 'Not Given'}","{'high': 'Water', 'medium': 'Food', 'low': 'Firewood'}","{""high"":""Water"",""medium"":""Food"",""low"":""Firewood""}",0
109-1_agent_2_desire,109-1,agent_2,"{'High': 'Firewood', 'Medium': 'Food', 'Low': 'Water'}","{'high': 'firewood', 'medium': 'food', 'low': 'water'}","{""high"":""firewood"",""medium"":""food"",""low"":""water""}",1
76-6_agent_1_desire,76-6,agent_1,"{'High': 'Water', 'Medium': 'Firewood', 'Low': 'Food'}","{'high': 'water', 'medium': 'firewood', 'low': 'food'}","{""high"":""water"",""medium"":""firewood"",""low"":""food""}",1
76-6_agent_2_desire,76-6,agent_2,"{'High': 'Water', 'Medium': 'Food', 'Low': 'Firewood'}","{'high': 'water', 'medium': 'firewood', 'low': 'food'}","{""high"":""water"",""medium"":""firewood"",""low"":""food""}",0
54-0_agent_1_desire,54-0,agent_1,"{'High': 'Not Given', 'Medium': 'Not Given', 'Low': 'Not Given'}","{'high': 'Not Given', 'medium': 'Not Given', 'low': 'Not Given'}","{""high"":""Not Given"",""medium"":""Not Given"",""low"":""Not Given""}",1
54-0_agent_2_desire,54-0,agent_2,"{'High': 'Not Given', 'Medium': 'Not Given', 'Low': 'Not Given'}","{'high': 'Not Given', 'medium': 'Not Given', 'low': 'Not Given'}","{""high"":""Not Given"",""medium"":""Not Given"",""low"":""Not Given""}",1
444-0_agent_1_desire,444-0,agent_1,"{'High': 'Not Given', 'Medium': 'Not Given', 'Low': 'Not Given'}","{'high': 'Not Given', 'medium': 'Not Given', 'low': 'Not Given'}","{""high"":""Not Given"",""medium"":""Not Given"",""low"":""Not Given""}",1
444-0_agent_2_desire,444-0,agent_2,"{'High': 'Not Given', 'Medium': 'Not Given', 'Low': 'Not Given'}","{'high': 'Not Given', 'medium': 'Not Given', 'low': 'Not Given'}","{""high"":""Not Given"",""medium"":""Not Given"",""low"":""Not Given""}",1
10-0_agent_1_desire,10-0,agent_1,"{'High': 'Not Given', 'Medium': 'Not Given', 'Low': 'Not Given'}","{'high': 'Not Given', 'medium': 'Not Given', 'low': 'Not Given'}","{""high"":""Not Given"",""medium"":""Not Given"",""low"":""Not Given""}",1
10-0_agent_2_desire,10-0,agent_2,"{'High': 'Not Given', 'Medium': 'Not Given', 'Low': 'Not Given'}","{'high': 'Not Given', 'medium': 'Not Given', 'low': 'Not Given'}","{""high"":""Not Given"",""medium"":""Not Given"",""low"":""Not Given""}",1
538-2_agent_1_desire,538-2,agent_1,"{'High': 'Firewood', 'Medium': 'Food', 'Low': 'Water'}","{'high': 'Firewood', 'medium': 'Food', 'low': 'Water'}","{""high"":""Firewood"",""medium"":""Food"",""low"":""Water""}",1
538-2_agent_2_desire,538-2,agent_2,"{'High': 'Not Given', 'Medium': 'Not Given', 'Low': 'Food'}","{'high': 'Firewood', 'medium': 'Food', 'low': 'Water'}","{""high"":""Firewood"",""medium"":""Food"",""low"":""Water""}",0
492-1_agent_1_desire,492-1,agent_1,"{'High': 'Firewood', 'Medium': 'Water', 'Low': 'Food'}","{'high': 'Water', 'medium': 'Firewood', 'low': 'Food'}","{""high"":""Water"",""medium"":""Firewood"",""low"":""Food""}",0
492-1_agent_2_desire,492-1,agent_2,"{'High': 'Water', 'Medium': 'Firewood', 'Low': 'Food'}","{'high': 'Water', 'medium': 'Firewood', 'low': 'Food'}","{""high"":""Water"",""medium"":""Firewood"",""low"":""Food""}",1
34-1_agent_1_desire,34-1,agent_1,"{'High': 'Not Given', 'Medium': 'Not Given', 'Low': 'Not Given'}","{'high': 'Not Given', 'medium': 'Not Given', 'low': 'Not Given'}","{""high"":""Not Given"",""medium"":""Not Given"",""low"":""Not Given""}",1
34-1_agent_2_desire,34-1,agent_2,"{'High': 'Not Given', 'Medium': 'Not Given', 'Low': 'Not Given'}","{'high': 'Not Given', 'medium': 'Not Given', 'low': 'Not Given'}","{""high"":""Not Given"",""medium"":""Not Given"",""low"":""Not Given""}",1
61-6_agent_1_desire,61-6,agent_1,"{'High': 'Firewood', 'Medium': 'Water', 'Low': 'Food'}","{'high': 'Firewood', 'medium': 'Water', 'low': 'Food'}","{""high"":""Firewood"",""medium"":""Water"",""low"":""Food""}",1
61-6_agent_2_desire,61-6,agent_2,"{'High': 'Firewood', 'Medium': 'Not Given', 'Low': 'Not Given'}","{'high': 'Firewood', 'medium': 'Not Given', 'low': 'Not Given'}","{""high"":""Firewood"",""medium"":""Not Given"",""low"":""Not Given""}",1
129-4_agent_1_desire,129-4,agent_1,"{'High': 'Water', 'Medium': 'Firewood', 'Low': 'Food'}","{'high': 'Water', 'medium': 'Firewood', 'low': 'Food'}","{""high"":""Water"",""medium"":""Firewood"",""low"":""Food""}",1
129-4_agent_2_desire,129-4,agent_2,"{'High': 'Food', 'Medium': 'Firewood', 'Low': 'Water'}","{'high': 'Food', 'medium': 'Firewood', 'low': 'Water'}","{""high"":""Food"",""medium"":""Firewood"",""low"":""Water""}",1
23-3_agent_1_desire,23-3,agent_1,"{'High': 'Food', 'Medium': 'Not Given', 'Low': 'Not Given'}","{'high': 'food', 'medium': 'firewood', 'low': 'water'}","{""high"":""food"",""medium"":""firewood"",""low"":""water""}",0
23-3_agent_2_desire,23-3,agent_2,"{'High': 'Firewood', 'Medium': 'Water', 'Low': 'Food'}","{'high': 'firewood', 'medium': 'Not Given', 'low': 'Not Given'}","{""high"":""firewood"",""medium"":""Not Given"",""low"":""Not Given""}",0
425-2_agent_1_desire,425-2,agent_1,"{'High': 'Not Given', 'Medium': 'Not Given', 'Low': 'Not Given'}","{'high': 'Not Given', 'medium': 'Not Given', 'low': 'Not Given'}","{""high"":""Not Given"",""medium"":""Not Given"",""low"":""Not Given""}",1
425-2_agent_2_desire,425-2,agent_2,"{'High': 'Water', 'Medium': 'Not Given', 'Low': 'Not Given'}","{'high': 'Water', 'medium': 'Not Given', 'low': 'Not Given'}","{""high"":""Water"",""medium"":""Not Given"",""low"":""Not Given""}",1
467-2_agent_1_desire,467-2,agent_1,"{'High': 'Food', 'Medium': 'Firewood', 'Low': 'Water'}","{'high': 'Food', 'medium': 'Not Given', 'low': 'Not Given'}","{""high"":""Food"",""medium"":""Not Given"",""low"":""Not Given""}",0
467-2_agent_2_desire,467-2,agent_2,"{'High': 'Food', 'Medium': 'Firewood', 'Low': 'Water'}","{'high': 'food', 'medium': 'firewood', 'low': 'water'}","{""high"":""food"",""medium"":""firewood"",""low"":""water""}",1
120-0_agent_1_desire,120-0,agent_1,"{'High': 'Food', 'Medium': 'Firewood', 'Low': 'Water'}","{'high': 'Food', 'medium': 'Not Given', 'low': 'Water'}","{""high"":""Food"",""medium"":""Not Given"",""low"":""Water""}",0
120-0_agent_2_desire,120-0,agent_2,"{'High': 'Not Given', 'Medium': 'Not Given', 'Low': 'Not Given'}","{'high': 'Not Given', 'medium': 'Not Given', 'low': 'Not Given'}","{""high"":""Not Given"",""medium"":""Not Given"",""low"":""Not Given""}",1
461-3_agent_1_desire,461-3,agent_1,"{'High': 'Water', 'Medium': 'Food', 'Low': 'Firewood'}","{'high': 'Food', 'medium': 'Firewood', 'low': 'Water'}","{""high"":""Food"",""medium"":""Firewood"",""low"":""Water""}",0
461-3_agent_2_desire,461-3,agent_2,"{'High': 'Food', 'Medium': 'Water', 'Low': 'Firewood'}","{'high': 'Food', 'medium': 'Water', 'low': 'Firewood'}","{""high"":""Food"",""medium"":""Water"",""low"":""Firewood""}",1
18-0_agent_1_desire,18-0,agent_1,"{'High': 'Not Given', 'Medium': 'Not Given', 'Low': 'Not Given'}","{'high': 'Not Given', 'medium': 'Not Given', 'low': 'Not Given'}","{""high"":""Not Given"",""medium"":""Not Given"",""low"":""Not Given""}",1
18-0_agent_2_desire,18-0,agent_2,"{'High': 'Not Given', 'Medium': 'Not Given', 'Low': 'Food'}","{'high': 'Not Given', 'medium': 'Not Given', 'low': 'Not Given'}","{""high"":""Not Given"",""medium"":""Not Given"",""low"":""Not Given""}",0
573-5_agent_1_desire,573-5,agent_1,"{'High': 'Firewood', 'Medium': 'Food', 'Low': 'Water'}","{'high': 'Food', 'medium': 'Firewood', 'low': 'Water'}","{""high"":""Food"",""medium"":""Firewood"",""low"":""Water""}",0
573-5_agent_2_desire,573-5,agent_2,"{'High': 'Firewood', 'Medium': 'Food', 'Low': 'Water'}","{'high': 'Firewood', 'medium': 'Food', 'low': 'Water'}","{""high"":""Firewood"",""medium"":""Food"",""low"":""Water""}",1
179-0_agent_1_desire,179-0,agent_1,"{'High': 'Not Given', 'Medium': 'Not Given', 'Low': 'Not Given'}","{'high': 'Not Given', 'medium': 'Not Given', 'low': 'Not Given'}","{""high"":""Not Given"",""medium"":""Not Given"",""low"":""Not Given""}",1
179-0_agent_2_desire,179-0,agent_2,"{'High': 'Not Given', 'Medium': 'Not Given', 'Low': 'Not Given'}","{'high': 'Not Given', 'medium': 'Not Given', 'low': 'Not Given'}","{""high"":""Not Given"",""medium"":""Not Given"",""low"":""Not Given""}",1
99-3_agent_1_desire,99-3,agent_1,"{'High': 'Food', 'Medium': 'Firewood', 'Low': 'Water'}","{'high': 'Food', 'medium': 'Firewood', 'low': 'Water'}","{""high"":""Food"",""medium"":""Firewood"",""low"":""Water""}",1
99-3_agent_2_desire,99-3,agent_2,"{'High': 'Firewood', 'Medium': 'Water', 'Low': 'Food'}","{'high': 'Firewood', 'medium': 'Water', 'low': 'Food'}","{""high"":""Firewood"",""medium"":""Water"",""low"":""Food""}",1
69-3_agent_1_desire,69-3,agent_1,"{'High': 'Firewood', 'Medium': 'Not Given', 'Low': 'Not Given'}","{'high': 'Firewood', 'medium': 'Not Given', 'low': 'Not Given'}","{""high"":""Firewood"",""medium"":""Not Given"",""low"":""Not Given""}",1
69-3_agent_2_desire,69-3,agent_2,"{'High': 'Food', 'Medium': 'Not Given', 'Low': 'Not Given'}","{'high': 'Food', 'medium': 'Not Given', 'low': 'Firewood'}","{""high"":""Food"",""medium"":""Not Given"",""low"":""Firewood""}",0
153-2_agent_1_desire,153-2,agent_1,"{'High': 'Water', 'Medium': 'Not Given', 'Low': 'Not Given'}","{'high': 'water', 'medium': 'Not Given', 'low': 'Not Given'}","{""high"":""water"",""medium"":""Not Given"",""low"":""Not Given""}",1
153-2_agent_2_desire,153-2,agent_2,"{'High': 'Food', 'Medium': 'Not Given', 'Low': 'Not Given'}","{'high': 'food', 'medium': 'Not Given', 'low': 'Not Given'}","{""high"":""food"",""medium"":""Not Given"",""low"":""Not Given""}",1
574-2_agent_1_desire,574-2,agent_1,"{'High': 'Not Given', 'Medium': 'Not Given', 'Low': 'Not Given'}","{'high': 'Not Given', 'medium': 'Not Given', 'low': 'Not Given'}","{""high"":""Not Given"",""medium"":""Not Given"",""low"":""Not Given""}",1
574-2_agent_2_desire,574-2,agent_2,"{'High': 'Not Given', 'Medium': 'Not Given', 'Low': 'Not Given'}","{'high': 'Not Given', 'medium': 'Not Given', 'low': 'Not Given'}","{""high"":""Not Given"",""medium"":""Not Given"",""low"":""Not Given""}",1
541-2_agent_1_desire,541-2,agent_1,"{'High': 'Water', 'Medium': 'Not Given', 'Low': 'Not Given'}","{'high': 'water', 'medium': 'Not Given', 'low': 'Not Given'}","{""high"":""water"",""medium"":""Not Given"",""low"":""Not Given""}",1
541-2_agent_2_desire,541-2,agent_2,"{'High': 'Water', 'Medium': 'Food', 'Low': 'Firewood'}","{'high': 'Water', 'medium': 'Food', 'low': 'Firewood'}","{""high"":""Water"",""medium"":""Food"",""low"":""Firewood""}",1
592-5_agent_1_desire,592-5,agent_1,"{'High': 'Firewood', 'Medium': 'Not Given', 'Low': 'Not Given'}","{'high': 'Food', 'medium': 'Not Given', 'low': 'Not Given'}","{""high"":""Food"",""medium"":""Not Given"",""low"":""Not Given""}",0
592-5_agent_2_desire,592-5,agent_2,"{'High': 'Firewood', 'Medium': 'Water', 'Low': 'Food'}","{'high': 'Firewood', 'medium': 'Water', 'low': 'Food'}","{""high"":""Firewood"",""medium"":""Water"",""low"":""Food""}",1
98-1_agent_1_desire,98-1,agent_1,"{'High': 'Not Given', 'Medium': 'Not Given', 'Low': 'Not Given'}","{'high': 'Not Given', 'medium': 'Not Given', 'low': 'Not Given'}","{""high"":""Not Given"",""medium"":""Not Given"",""low"":""Not Given""}",1
98-1_agent_2_desire,98-1,agent_2,"{'High': 'Not Given', 'Medium': 'Not Given', 'Low': 'Not Given'}","{'high': 'Not Given', 'medium': 'Not Given', 'low': 'Not Given'}","{""high"":""Not Given"",""medium"":""Not Given"",""low"":""Not Given""}",1
484-0_agent_1_desire,484-0,agent_1,"{'High': 'Not Given', 'Medium': 'Not Given', 'Low': 'Not Given'}","{'high': 'Not Given', 'medium': 'Not Given', 'low': 'Not Given'}","{""high"":""Not Given"",""medium"":""Not Given"",""low"":""Not Given""}",1
484-0_agent_2_desire,484-0,agent_2,"{'High': 'Not Given', 'Medium': 'Not Given', 'Low': 'Not Given'}","{'high': 'Not Given', 'medium': 'Not Given', 'low': 'Not Given'}","{""high"":""Not Given"",""medium"":""Not Given"",""low"":""Not Given""}",1
461-4_agent_1_desire,461-4,agent_1,"{'High': 'Water', 'Medium': 'Food', 'Low': 'Firewood'}","{'high': 'Food', 'medium': 'Water', 'low': 'Firewood'}","{""high"":""Food"",""medium"":""Water"",""low"":""Firewood""}",0
461-4_agent_2_desire,461-4,agent_2,"{'High': 'Food', 'Medium': 'Water', 'Low': 'Firewood'}","{'high': 'Food', 'medium': 'Water', 'low': 'Firewood'}","{""high"":""Food"",""medium"":""Water"",""low"":""Firewood""}",1
485-0_agent_1_desire,485-0,agent_1,"{'High': 'Firewood', 'Medium': 'Not Given', 'Low': 'Not Given'}","{'high': 'Firewood', 'medium': 'Not Given', 'low': 'Water'}","{""high"":""Firewood"",""medium"":""Not Given"",""low"":""Water""}",0
485-0_agent_2_desire,485-0,agent_2,"{'High': 'Not Given', 'Medium': 'Not Given', 'Low': 'Food'}","{'high': 'firewood and water', 'medium': 'Not Given', 'low': 'Not Given'}","{""high"":""firewood and water"",""medium"":""Not Given"",""low"":""Not Given""}",0
596-1_agent_1_desire,596-1,agent_1,"{'High': 'Firewood', 'Medium': 'Food', 'Low': 'Water'}","{'high': 'Firewood', 'medium': 'Food', 'low': 'Water'}","{""high"":""Firewood"",""medium"":""Food"",""low"":""Water""}",1
596-1_agent_2_desire,596-1,agent_2,"{'High': 'Firewood', 'Medium': 'Water', 'Low': 'Food'}","{'high': 'Firewood', 'medium': 'Water', 'low': 'Food'}","{""high"":""Firewood"",""medium"":""Water"",""low"":""Food""}",1
502-1_agent_1_desire,502-1,agent_1,"{'High': 'Not Given', 'Medium': 'Not Given', 'Low': 'Not Given'}","{'high': 'Not Given', 'medium': 'Not Given', 'low': 'Not Given'}","{""high"":""Not Given"",""medium"":""Not Given"",""low"":""Not Given""}",1
502-1_agent_2_desire,502-1,agent_2,"{'High': 'Not Given', 'Medium': 'Not Given', 'Low': 'Not Given'}","{'high': 'Not Given', 'medium': 'Not Given', 'low': 'Not Given'}","{""high"":""Not Given"",""medium"":""Not Given"",""low"":""Not Given""}",1
481-0_agent_1_desire,481-0,agent_1,"{'High': 'Not Given', 'Medium': 'Not Given', 'Low': 'Not Given'}","{'high': 'Not Given', 'medium': 'Not Given', 'low': 'Not Given'}","{""high"":""Not Given"",""medium"":""Not Given"",""low"":""Not Given""}",1
481-0_agent_2_desire,481-0,agent_2,"{'High': 'Not Given', 'Medium': 'Not Given', 'Low': 'Not Given'}","{'high': 'Not Given', 'medium': 'Not Given', 'low': 'Not Given'}","{""high"":""Not Given"",""medium"":""Not Given"",""low"":""Not Given""}",1
154-4_agent_1_desire,154-4,agent_1,"{'High': 'Food', 'Medium': 'Firewood', 'Low': 'Water'}","{'high': 'Food', 'medium': 'Water', 'low': 'Firewood'}","{""high"":""Food"",""medium"":""Water"",""low"":""Firewood""}",0
154-4_agent_2_desire,154-4,agent_2,"{'High': 'Food', 'Medium': 'Water', 'Low': 'Firewood'}","{'high': 'Food', 'medium': 'Water', 'low': 'Firewood'}","{""high"":""Food"",""medium"":""Water"",""low"":""Firewood""}",1
416-1_agent_1_desire,416-1,agent_1,"{'High': 'Not Given', 'Medium': 'Not Given', 'Low': 'Not Given'}","{'high': 'Not Given', 'medium': 'Not Given', 'low': 'Not Given'}","{""high"":""Not Given"",""medium"":""Not Given"",""low"":""Not Given""}",1
416-1_agent_2_desire,416-1,agent_2,"{'High': 'Not Given', 'Medium': 'Not Given', 'Low': 'Not Given'}","{'high': 'Not Given', 'medium': 'Not Given', 'low': 'Not Given'}","{""high"":""Not Given"",""medium"":""Not Given"",""low"":""Not Given""}",1
46-2_agent_1_desire,46-2,agent_1,"{'High': 'Not Given', 'Medium': 'Not Given', 'Low': 'Firewood'}","{'high': 'Not Given', 'medium': 'Not Given', 'low': 'Not Given'}","{""high"":""Not Given"",""medium"":""Not Given"",""low"":""Not Given""}",0
46-2_agent_2_desire,46-2,agent_2,"{'High': 'Water', 'Medium': 'Not Given', 'Low': 'Not Given'}","{'high': 'Water', 'medium': 'Not Given', 'low': 'Not Given'}","{""high"":""Water"",""medium"":""Not Given"",""low"":""Not Given""}",1
569-0_agent_1_desire,569-0,agent_1,"{'High': 'Not Given', 'Medium': 'Not Given', 'Low': 'Not Given'}","{'high': 'Not Given', 'medium': 'Not Given', 'low': 'Not Given'}","{""high"":""Not Given"",""medium"":""Not Given"",""low"":""Not Given""}",1
569-0_agent_2_desire,569-0,agent_2,"{'High': 'Not Given', 'Medium': 'Not Given', 'Low': 'Not Given'}","{'high': 'Not Given', 'medium': 'Not Given', 'low': 'Not Given'}","{""high"":""Not Given"",""medium"":""Not Given"",""low"":""Not Given""}",1
546-0_agent_1_desire,546-0,agent_1,"{'High': 'Not Given', 'Medium': 'Not Given', 'Low': 'Not Given'}","{'high': 'Not Given', 'medium': 'Not Given', 'low': 'Not Given'}","{""high"":""Not Given"",""medium"":""Not Given"",""low"":""Not Given""}",1
546-0_agent_2_desire,546-0,agent_2,"{'High': 'Not Given', 'Medium': 'Not Given', 'Low': 'Not Given'}","{'high': 'Not Given', 'medium': 'Not Given', 'low': 'Not Given'}","{""high"":""Not Given"",""medium"":""Not Given"",""low"":""Not Given""}",1
181-6_agent_1_desire,181-6,agent_1,"{'High': 'Food', 'Medium': 'Water', 'Low': 'Firewood'}","{'high': 'food', 'medium': 'water', 'low': 'firewood'}","{""high"":""food"",""medium"":""water"",""low"":""firewood""}",1
181-6_agent_2_desire,181-6,agent_2,"{'High': 'Firewood', 'Medium': 'Water', 'Low': 'Food'}","{'high': 'Firewood', 'medium': 'Water', 'low': 'Food'}","{""high"":""Firewood"",""medium"":""Water"",""low"":""Food""}",1
36-1_agent_1_desire,36-1,agent_1,"{'High': 'Not Given', 'Medium': 'Not Given', 'Low': 'Not Given'}","{'high': 'Not Given', 'medium': 'Not Given', 'low': 'Not Given'}","{""high"":""Not Given"",""medium"":""Not Given"",""low"":""Not Given""}",1
36-1_agent_2_desire,36-1,agent_2,"{'High': 'Water', 'Medium': 'Not Given', 'Low': 'Not Given'}","{'high': 'Water', 'medium': 'Not Given', 'low': 'Not Given'}","{""high"":""Water"",""medium"":""Not Given"",""low"":""Not Given""}",1
462-5_agent_1_desire,462-5,agent_1,"{'High': 'Food', 'Medium': 'Firewood', 'Low': 'Water'}","{'high': 'Food', 'medium': 'firewood', 'low': 'water'}","{""high"":""Food"",""medium"":""firewood"",""low"":""water""}",1
462-5_agent_2_desire,462-5,agent_2,"{'High': 'None', 'Medium': 'None', 'Low': 'None'}","{'high': 'Not Given', 'medium': 'Not Given', 'low': 'Not Given'}","{""high"":""Not Given"",""medium"":""Not Given"",""low"":""Not Given""}",0
0-4_agent_1_desire,0-4,agent_1,"{'High': 'Firewood', 'Medium': 'Food', 'Low': 'Water'}","{'high': 'Firewood', 'medium': 'Food', 'low': 'Water'}","{""high"":""Firewood"",""medium"":""Food"",""low"":""Water""}",1
0-4_agent_2_desire,0-4,agent_2,"{'High': 'Firewood', 'Medium': 'Food', 'Low': 'Water'}","{'high': 'Firewood', 'medium': 'Food', 'low': 'Water'}","{""high"":""Firewood"",""medium"":""Food"",""low"":""Water""}",1
50-0_agent_1_desire,50-0,agent_1,"{'High': 'Not Given', 'Medium': 'Not Given', 'Low': 'Not Given'}","{'high': 'Not Given', 'medium': 'Not Given', 'low': 'Not Given'}","{""high"":""Not Given"",""medium"":""Not Given"",""low"":""Not Given""}",1
50-0_agent_2_desire,50-0,agent_2,"{'High': 'Not Given', 'Medium': 'Not Given', 'Low': 'Water'}","{'high': 'food', 'medium': 'firewood', 'low': 'water'}","{""high"":""food"",""medium"":""firewood"",""low"":""water""}",0
183-2_agent_1_desire,183-2,agent_1,"{'High': 'Water', 'Medium': 'Firewood', 'Low': 'Food'}","{'high': 'Water', 'medium': 'Firewood', 'low': 'Food'}","{""high"":""Water"",""medium"":""Firewood"",""low"":""Food""}",1
183-2_agent_2_desire,183-2,agent_2,"{'High': 'Water', 'Medium': 'Not Given', 'Low': 'Not Given'}","{'high': 'Not Given', 'medium': 'Not Given', 'low': 'Not Given'}","{""high"":""Not Given"",""medium"":""Not Given"",""low"":""Not Given""}",0
535-2_agent_1_desire,535-2,agent_1,"{'High': 'Firewood', 'Medium': 'Water', 'Low': 'Food'}","{'high': 'Water', 'medium': 'Firewood', 'low': 'Food'}","{""high"":""Water"",""medium"":""Firewood"",""low"":""Food""}",0
535-2_agent_2_desire,535-2,agent_2,"{'High': 'Water', 'Medium': 'Food', 'Low': 'Firewood'}","{'high': 'Water', 'medium': 'Not Given', 'low': 'Firewood'}","{""high"":""Water"",""medium"":""Not Given"",""low"":""Firewood""}",0
118-3_agent_1_desire,118-3,agent_1,"{'High': 'Food', 'Medium': 'Firewood', 'Low': 'Water'}","{'high': 'Food', 'medium': 'Firewood', 'low': 'Water'}","{""high"":""Food"",""medium"":""Firewood"",""low"":""Water""}",1
118-3_agent_2_desire,118-3,agent_2,"{'High': 'Food', 'Medium': 'Firewood', 'Low': 'Water'}","{'high': 'Firewood', 'medium': 'Food', 'low': 'Water'}","{""high"":""Firewood"",""medium"":""Food"",""low"":""Water""}",0
527-4_agent_1_desire,527-4,agent_1,"{'High': 'Food', 'Medium': 'Firewood', 'Low': 'Water'}","{'high': 'food', 'medium': 'firewood', 'low': 'water'}","{""high"":""food"",""medium"":""firewood"",""low"":""water""}",1
527-4_agent_2_desire,527-4,agent_2,"{'High': 'Water', 'Medium': 'Food', 'Low': 'Firewood'}","{'high': 'Water', 'medium': 'Food', 'low': 'Firewood'}","{""high"":""Water"",""medium"":""Food"",""low"":""Firewood""}",1
523-1_agent_1_desire,523-1,agent_1,"{'High': 'Food', 'Medium': 'Not Given', 'Low': 'Not Given'}","{'high': 'food', 'medium': 'water', 'low': 'firewood'}","{""high"":""food"",""medium"":""water"",""low"":""firewood""}",0
523-1_agent_2_desire,523-1,agent_2,"{'High': 'Not Given', 'Medium': 'Not Given', 'Low': 'Not Given'}","{'high': 'food', 'medium': 'Not Given', 'low': 'Not Given'}","{""high"":""food"",""medium"":""Not Given"",""low"":""Not Given""}",0
538-1_agent_1_desire,538-1,agent_1,"{'High': 'Firewood', 'Medium': 'Food', 'Low': 'Water'}","{'high': 'Firewood', 'medium': 'Not Given', 'low': 'Water'}","{""high"":""Firewood"",""medium"":""Not Given"",""low"":""Water""}",0
538-1_agent_2_desire,538-1,agent_2,"{'High': 'Not Given', 'Medium': 'Not Given', 'Low': 'Food'}","{'high': 'Firewood', 'medium': 'Water', 'low': 'Food'}","{""high"":""Firewood"",""medium"":""Water"",""low"":""Food""}",0
555-5_agent_1_desire,555-5,agent_1,"{'High': 'Food', 'Medium': 'Water', 'Low': 'Firewood'}","{'high': 'Water', 'medium': 'Food', 'low': 'Firewood'}","{""high"":""Water"",""medium"":""Food"",""low"":""Firewood""}",0
555-5_agent_2_desire,555-5,agent_2,"{'High': 'Food', 'Medium': 'Firewood', 'Low': 'Water'}","{'high': 'Food', 'medium': 'Firewood', 'low': 'Water'}","{""high"":""Food"",""medium"":""Firewood"",""low"":""Water""}",1
523-3_agent_1_desire,523-3,agent_1,"{'High': 'Food', 'Medium': 'Water', 'Low': 'Firewood'}","{'high': 'food', 'medium': 'water', 'low': 'firewood'}","{""high"":""food"",""medium"":""water"",""low"":""firewood""}",1
523-3_agent_2_desire,523-3,agent_2,"{'High': 'Food', 'Medium': 'Not Given', 'Low': 'Not Given'}","{'high': 'food', 'medium': 'Not Given', 'low': 'Not Given'}","{""high"":""food"",""medium"":""Not Given"",""low"":""Not Given""}",1
27-0_agent_1_desire,27-0,agent_1,"{'High': 'Water', 'Medium': 'Firewood', 'Low': 'Food'}","{'high': 'Water', 'medium': 'Not Given', 'low': 'Food'}","{""high"":""Water"",""medium"":""Not Given"",""low"":""Food""}",0
27-0_agent_2_desire,27-0,agent_2,"{'High': 'Water', 'Medium': 'Not Given', 'Low': 'Not Given'}","{'high': 'Water', 'medium': 'Not Given', 'low': 'Not Given'}","{""high"":""Water"",""medium"":""Not Given"",""low"":""Not Given""}",1
139-4_agent_1_desire,139-4,agent_1,"{'High': 'Water', 'Medium': 'Food', 'Low': 'Firewood'}","{'high': 'WATER', 'medium': 'Not Given', 'low': 'firewood'}","{""high"":""WATER"",""medium"":""Not Given"",""low"":""firewood""}",0
139-4_agent_2_desire,139-4,agent_2,"{'High': 'Food', 'Medium': 'Firewood', 'Low': 'Water'}","{'high': 'Food', 'medium': 'Firewood', 'low': 'Water'}","{""high"":""Food"",""medium"":""Firewood"",""low"":""Water""}",1
584-0_agent_1_desire,584-0,agent_1,"{'High': 'Not Given', 'Medium': 'Not Given', 'Low': 'Water'}","{'high': 'Not Given', 'medium': 'Not Given', 'low': 'Not Given'}","{""high"":""Not Given"",""medium"":""Not Given"",""low"":""Not Given""}",0
584-0_agent_2_desire,584-0,agent_2,"{'High': 'Not Given', 'Medium': 'Not Given', 'Low': 'Not Given'}","{'high': 'Not Given', 'medium': 'Not Given', 'low': 'Not Given'}","{""high"":""Not Given"",""medium"":""Not Given"",""low"":""Not Given""}",1
118-0_agent_1_desire,118-0,agent_1,"{'High': 'Food', 'Medium': 'Firewood', 'Low': 'Water'}","{'high': 'Food', 'medium': 'Firewood', 'low': 'Not Given'}","{""high"":""Food"",""medium"":""Firewood"",""low"":""Not Given""}",0
118-0_agent_2_desire,118-0,agent_2,"{'High': 'Food', 'Medium': 'Firewood', 'Low': 'Water'}","{'high': 'Food', 'medium': 'Firewood', 'low': 'Water'}","{""high"":""Food"",""medium"":""Firewood"",""low"":""Water""}",1
53-0_agent_1_desire,53-0,agent_1,"{'High': 'Firewood', 'Medium': 'Food', 'Low': 'Water'}","{'high': 'Firewood', 'medium': 'Water', 'low': 'Food'}","{""high"":""Firewood"",""medium"":""Water"",""low"":""Food""}",0
53-0_agent_2_desire,53-0,agent_2,"{'High': 'Firewood', 'Medium': 'Food', 'Low': 'Water'}","{'high': 'Not Given', 'medium': 'Not Given', 'low': 'Not Given'}","{""high"":""Not Given"",""medium"":""Not Given"",""low"":""Not Given""}",0
498-0_agent_1_desire,498-0,agent_1,"{'High': 'Not Given', 'Medium': 'Not Given', 'Low': 'Not Given'}","{'high': 'Not Given', 'medium': 'Not Given', 'low': 'Not Given'}","{""high"":""Not Given"",""medium"":""Not Given"",""low"":""Not Given""}",1
498-0_agent_2_desire,498-0,agent_2,"{'High': 'Not Given', 'Medium': 'Not Given', 'Low': 'Not Given'}","{'high': 'Not Given', 'medium': 'Not Given', 'low': 'Not Given'}","{""high"":""Not Given"",""medium"":""Not Given"",""low"":""Not Given""}",1
