uid,dialogue_id,utt_idx,target_utterance,gold_intent,gold_bitmask,pred_intents,pred_bitmask,raw_response
566-5_utt1_intention,566-5,1,"agent_2: great, let's do it",No-Intention,"[0, 0, 0, 0, 1, 0, 0, 0, 0]",['Promote-Coordination'],"[0, 0, 0, 0, 0, 0, 1, 0, 0]","{""intents"":[""Promote-Coordination""]}"
482-1_utt1_intention,482-1,1,"agent_2: I have not, but I don't really have an interest for it, either.",Build-Rapport,"[1, 0, 0, 0, 0, 0, 0, 0, 0]",['Describe-Need'],"[0, 0, 1, 0, 0, 0, 0, 0, 0]","{""intents"":[""Describe-Need""]}"
482-1_utt2_intention,482-1,2,"agent_1: Thats a shame, i am sure you would like it if you give it a try, especially if you build a large fire 🙂",Build-Rapport,"[1, 0, 0, 0, 0, 0, 0, 0, 0]",['Show-Empathy'],"[0, 0, 0, 0, 0, 0, 0, 1, 0]","{""intents"":[""Show-Empathy""]}"
525-7_utt1_intention,525-7,1,agent_2: alrighty,No-Intention,"[0, 0, 0, 0, 1, 0, 0, 0, 0]",['No-Intention'],"[0, 0, 0, 0, 1, 0, 0, 0, 0]","{""intents"":[""No-Intention""]}"
605-2_utt1_intention,605-2,1,agent_1: Unfortunately it is impossible as we are already on site compared to you about to head out. ,Build-Rapport,"[1, 0, 0, 0, 0, 0, 0, 0, 0]","['Describe-Need', 'Undermine-Requirements']","[0, 0, 1, 0, 0, 0, 0, 0, 1]","{""intents"":[""Describe-Need"",""Undermine-Requirements""]}"
605-2_utt2_intention,605-2,2,"agent_2: I see. You are a victim of poor planning. Whereas the refugees I attend to are the victims of greed, malice and human suffering. What are you proposing?",Build-Rapport,"[1, 0, 0, 0, 0, 0, 0, 0, 0]","['Callout-Fairness', 'Undermine-Requirements', 'Promote-Coordination']","[0, 1, 0, 0, 0, 0, 1, 0, 1]","{""intents"":[""Callout-Fairness"",""Undermine-Requirements"",""Promote-Coordination""]}"
73-0_utt1_intention,73-0,1,"agent_1: Hi, How are you?",Build-Rapport,"[1, 0, 0, 0, 0, 0, 0, 0, 0]",['Build-Rapport'],"[1, 0, 0, 0, 0, 0, 0, 0, 0]","{""intents"":[""Build-Rapport""]}"
73-0_utt2_intention,73-0,2,agent_2: Good how are things?,Build-Rapport,"[1, 0, 0, 0, 0, 0, 0, 0, 0]",['Build-Rapport'],"[1, 0, 0, 0, 0, 0, 0, 0, 0]","{""intents"":[""Build-Rapport""]}"
523-2_utt1_intention,523-2,1,agent_2: I really need at least some of everything. What do you need the most?,Discover-Preference,"[0, 0, 0, 1, 0, 0, 0, 0, 0]","['Describe-Need', 'Discover-Preference']","[0, 0, 1, 1, 0, 0, 0, 0, 0]","{""intents"":[""Describe-Need"",""Discover-Preference""]}"
523-2_utt2_intention,523-2,2,agent_1: I think we are now talking. I need food the most and water as the second priority.,Build-Rapport,"[1, 0, 0, 0, 0, 0, 0, 0, 0]","['Describe-Need', 'Promote-Coordination']","[0, 0, 1, 0, 0, 0, 1, 0, 0]","{""intents"":[""Describe-Need"",""Promote-Coordination""]}"
589-5_utt1_intention,589-5,1,"agent_2: You sound very resourceful! 🙂Sounds like we have a deal then, yes?",Build-Rapport,"[1, 0, 0, 0, 0, 0, 0, 0, 0]","['Build-Rapport', 'Promote-Coordination']","[1, 0, 0, 0, 0, 0, 1, 0, 0]","{""intents"":[""Build-Rapport"",""Promote-Coordination""]}"
29-4_utt1_intention,29-4,1,"agent_1: I get 2 water, 1 food and 1 firewood, you get 1 water, 2 food and 2 firewood. ",No-Intention,"[0, 0, 0, 0, 1, 0, 0, 0, 0]",['Promote-Coordination'],"[0, 0, 0, 0, 0, 0, 1, 0, 0]","{""intents"":[""Promote-Coordination""]}"
29-4_utt2_intention,29-4,2,agent_2: You know what that sounds extremely fair. I would accept that offer,Callout-Fairness,"[0, 1, 0, 0, 0, 0, 0, 0, 0]","['Callout-Fairness', 'Promote-Coordination']","[0, 1, 0, 0, 0, 0, 1, 0, 0]","{""intents"":[""Callout-Fairness"",""Promote-Coordination""]}"
152-3_utt1_intention,152-3,1,agent_2: You can take the two water. I am not that thirsty most days.,No-Need,"[0, 0, 0, 0, 0, 1, 0, 0, 0]","['Promote-Coordination', 'Build-Rapport', 'Describe-Need']","[1, 0, 1, 0, 0, 0, 1, 0, 0]","{""intents"":[""Promote-Coordination"",""Build-Rapport"",""Describe-Need""]}"
152-3_utt2_intention,152-3,2,"agent_1: That's very generous of you!🙂 If you are sure, then I am in agreement. So we are saying, I get 3 firewood, you get 3 food and you get one water while I get two water?",No-Intention,"[0, 0, 0, 0, 1, 0, 0, 0, 0]","['Build-Rapport', 'Show-Empathy', 'Promote-Coordination']","[1, 0, 0, 0, 0, 0, 1, 1, 0]","{""intents"":[""Build-Rapport"",""Show-Empathy"",""Promote-Coordination""]}"
173-8_utt1_intention,173-8,1,"agent_1: okay so that means i get 2 food, 1 firewood and 2 water. right?",No-Intention,"[0, 0, 0, 0, 1, 0, 0, 0, 0]",['Promote-Coordination'],"[0, 0, 0, 0, 0, 0, 1, 0, 0]","{""intents"":[""Promote-Coordination""]}"
173-8_utt2_intention,173-8,2,agent_2: Sure lets do that,No-Intention,"[0, 0, 0, 0, 1, 0, 0, 0, 0]",['Promote-Coordination'],"[0, 0, 0, 0, 0, 0, 1, 0, 0]","{""intents"":[""Promote-Coordination""]}"
467-4_utt1_intention,467-4,1,"agent_1: if you take two food, then I take all the wood and two two water and one food",Promote-Coordination,"[0, 0, 0, 0, 0, 0, 1, 0, 0]","['Describe-Need', 'Promote-Coordination']","[0, 0, 1, 0, 0, 0, 1, 0, 0]","{""intents"":[""Describe-Need"",""Promote-Coordination""]}"
467-4_utt2_intention,467-4,2,agent_2: no then u have to give 3 food for me,No-Intention,"[0, 0, 0, 0, 1, 0, 0, 0, 0]","['Callout-Fairness', 'Describe-Need']","[0, 1, 1, 0, 0, 0, 0, 0, 0]","{""intents"":[""Callout-Fairness"",""Describe-Need""]}"
108-0_utt1_intention,108-0,1,agent_1: Hello,No-Intention,"[0, 0, 0, 0, 1, 0, 0, 0, 0]",['Build-Rapport'],"[1, 0, 0, 0, 0, 0, 0, 0, 0]","{""intents"":[""Build-Rapport""]}"
108-0_utt2_intention,108-0,2,agent_2: Hi there!,No-Intention,"[0, 0, 0, 0, 1, 0, 0, 0, 0]",['Build-Rapport'],"[1, 0, 0, 0, 0, 0, 0, 0, 0]","{""intents"":[""Build-Rapport""]}"
546-1_utt1_intention,546-1,1,agent_2: All is good. Could you tell me about your package preferences?,Discover-Preference,"[0, 0, 0, 1, 0, 0, 0, 0, 0]","['Build-Rapport', 'Discover-Preference']","[1, 0, 0, 1, 0, 0, 0, 0, 0]","{""intents"":[""Build-Rapport"",""Discover-Preference""]}"
546-1_utt2_intention,546-1,2,agent_1: I need water and firewood. What about you?,Discover-Preference,"[0, 0, 0, 1, 0, 0, 0, 0, 0]","['Describe-Need', 'Discover-Preference']","[0, 0, 1, 1, 0, 0, 0, 0, 0]","{""intents"":[""Describe-Need"",""Discover-Preference""]}"
43-0_utt1_intention,43-0,1,agent_2: What are your preferences?  I always love having a big fire at night when I am camping and I do think water is more important than food.,"Describe-Need,Discover-Preference","[0, 0, 1, 1, 0, 0, 0, 0, 0]","['Describe-Need', 'Discover-Preference']","[0, 0, 1, 1, 0, 0, 0, 0, 0]","{""intents"":[""Describe-Need"",""Discover-Preference""]}"
43-0_utt2_intention,43-0,2,"agent_1: I like to have a lot of food to keep my energy up, but I might need some firewood to cook that food. I can't wait for my camping trip.🙂","Build-Rapport,Describe-Need","[1, 0, 1, 0, 0, 0, 0, 0, 0]","['Describe-Need', 'Build-Rapport']","[1, 0, 1, 0, 0, 0, 0, 0, 0]","{""intents"":[""Describe-Need"",""Build-Rapport""]}"
453-3_utt1_intention,453-3,1,agent_1: Oh no! I can see why that would be extra important to you! I will give you two of the firewood for two of the water,"Promote-Coordination,Show-Empathy","[0, 0, 0, 0, 0, 0, 1, 1, 0]","['Build-Rapport', 'Show-Empathy', 'Promote-Coordination']","[1, 0, 0, 0, 0, 0, 1, 1, 0]","{""intents"":[""Build-Rapport"",""Show-Empathy"",""Promote-Coordination""]}"
453-3_utt2_intention,453-3,2,"agent_2: That sounds good to me! I think since water is pretty important on a camping trip (especially with a baby!), and since you are getting 2 extra packages of water, may I ask that I get 2 of the food packages? I have 2 (always hungry) preschoolers joining us haha! 🙂 I can never seem to keep them full","Callout-Fairness,Describe-Need","[0, 1, 1, 0, 0, 0, 0, 0, 0]","['Describe-Need', 'Promote-Coordination', 'Show-Empathy']","[0, 0, 1, 0, 0, 0, 1, 1, 0]","{""intents"":[""Describe-Need"",""Promote-Coordination"",""Show-Empathy""]}"
591-3_utt1_intention,591-3,1,agent_1: I am hoping to receive 2 packages of food so that way you also have 1. ,No-Intention,"[0, 0, 0, 0, 1, 0, 0, 0, 0]","['Describe-Need', 'Callout-Fairness', 'Promote-Coordination']","[0, 1, 1, 0, 0, 0, 1, 0, 0]","{""intents"":[""Describe-Need"",""Callout-Fairness"",""Promote-Coordination""]}"
591-3_utt2_intention,591-3,2,"agent_2: That sounds great to me. I'm hoping to get 2 firewood, 1 water, and 1 food out of the deal. I'm amicable to more discussion though.",Promote-Coordination,"[0, 0, 0, 0, 0, 0, 1, 0, 0]","['Describe-Need', 'Promote-Coordination']","[0, 0, 1, 0, 0, 0, 1, 0, 0]","{""intents"":[""Describe-Need"",""Promote-Coordination""]}"
109-1_utt1_intention,109-1,1,"agent_1: Splitting the food is what I was thinking as well, but I'd also like to split the firewood. We can split the water or I'm fine taking all of that.",No-Intention,"[0, 0, 0, 0, 1, 0, 0, 0, 0]","['Build-Rapport', 'Describe-Need', 'Promote-Coordination']","[1, 0, 1, 0, 0, 0, 1, 0, 0]","{""intents"":[""Build-Rapport"",""Describe-Need"",""Promote-Coordination""]}"
109-1_utt2_intention,109-1,2,"agent_2: I would be willing to take 2 firewood, 3 food, and 1 water if that would work for you.  ",No-Intention,"[0, 0, 0, 0, 1, 0, 0, 0, 0]","['Describe-Need', 'Promote-Coordination']","[0, 0, 1, 0, 0, 0, 1, 0, 0]","{""intents"":[""Describe-Need"",""Promote-Coordination""]}"
76-6_utt1_intention,76-6,1,"agent_2: how about 1 water, 1 firewood and 3 food ?",No-Intention,"[0, 0, 0, 0, 1, 0, 0, 0, 0]","['Promote-Coordination', 'Discover-Preference']","[0, 0, 0, 1, 0, 0, 1, 0, 0]","{""intents"":[""Promote-Coordination"",""Discover-Preference""]}"
76-6_utt2_intention,76-6,2,agent_1: For you?,No-Intention,"[0, 0, 0, 0, 1, 0, 0, 0, 0]",['Discover-Preference'],"[0, 0, 0, 1, 0, 0, 0, 0, 0]","{""intents"":[""Discover-Preference""]}"
54-0_utt1_intention,54-0,1,agent_2: Hi....Sooooo looking forward to a great realxing camping trip.🙂🙂🙂🙂🙂,Build-Rapport,"[1, 0, 0, 0, 0, 0, 0, 0, 0]",['Build-Rapport'],"[1, 0, 0, 0, 0, 0, 0, 0, 0]","{""intents"":[""Build-Rapport""]}"
54-0_utt2_intention,54-0,2,agent_1: hi... yes i like camping trip,Build-Rapport,"[1, 0, 0, 0, 0, 0, 0, 0, 0]","['Build-Rapport', 'Describe-Need']","[1, 0, 1, 0, 0, 0, 0, 0, 0]","{""intents"":[""Build-Rapport"",""Describe-Need""]}"
444-0_utt1_intention,444-0,1,agent_1: Hello,No-Intention,"[0, 0, 0, 0, 1, 0, 0, 0, 0]",['Build-Rapport'],"[1, 0, 0, 0, 0, 0, 0, 0, 0]","{""intents"":[""Build-Rapport""]}"
444-0_utt2_intention,444-0,2,"agent_2: Hi there.. how are you doing today?  I hope well!  🙂  So, it looks like we need to divy up these supplies, huh?  Do you have any thoughts on the issue?","Build-Rapport,Discover-Preference","[1, 0, 0, 1, 0, 0, 0, 0, 0]","['Build-Rapport', 'Promote-Coordination', 'Discover-Preference']","[1, 0, 0, 1, 0, 0, 1, 0, 0]","{""intents"":[""Build-Rapport"",""Promote-Coordination"",""Discover-Preference""]}"
10-0_utt1_intention,10-0,1,agent_2: hello!,No-Intention,"[0, 0, 0, 0, 1, 0, 0, 0, 0]",['Build-Rapport'],"[1, 0, 0, 0, 0, 0, 0, 0, 0]","{""intents"":[""Build-Rapport""]}"
10-0_utt2_intention,10-0,2,agent_1: Hello.,No-Intention,"[0, 0, 0, 0, 1, 0, 0, 0, 0]",['Build-Rapport'],"[1, 0, 0, 0, 0, 0, 0, 0, 0]","{""intents"":[""Build-Rapport""]}"
538-2_utt1_intention,538-2,1,agent_1: Hmm. :( How about I get 2 food and you get 1? That way it'll be slightly more equal,Callout-Fairness,"[0, 1, 0, 0, 0, 0, 0, 0, 0]","['Callout-Fairness', 'Promote-Coordination']","[0, 1, 0, 0, 0, 0, 1, 0, 0]","{""intents"":[""Callout-Fairness"",""Promote-Coordination""]}"
538-2_utt2_intention,538-2,2,agent_2: Since you are getting two firewoods I need two foods Let's deal on this.,Promote-Coordination,"[0, 0, 0, 0, 0, 0, 1, 0, 0]","['Callout-Fairness', 'Describe-Need', 'Promote-Coordination']","[0, 1, 1, 0, 0, 0, 1, 0, 0]","{""intents"":[""Callout-Fairness"",""Describe-Need"",""Promote-Coordination""]}"
492-1_utt1_intention,492-1,1,agent_2: I can't give you all the 3 firewood. We can share them. I can give you 1 firewood? Because I am too scared about dark. ☹️,"Describe-Need,Promote-Coordination","[0, 0, 1, 0, 0, 0, 1, 0, 0]","['Describe-Need', 'Promote-Coordination', 'Undermine-Requirements']","[0, 0, 1, 0, 0, 0, 1, 0, 1]","{""intents"":[""Describe-Need"",""Promote-Coordination"",""Undermine-Requirements""]}"
492-1_utt2_intention,492-1,2,"agent_1: I could give you 1 water for 1 firewood, most of my firewood got wet so is almost useless . Would you perhaps except some food for another unit of firewood?",Promote-Coordination,"[0, 0, 0, 0, 0, 0, 1, 0, 0]","['Describe-Need', 'Discover-Preference']","[0, 0, 1, 1, 0, 0, 0, 0, 0]","{""intents"":[""Describe-Need"",""Discover-Preference""]}"
34-1_utt1_intention,34-1,1,agent_2: i need a lot of packages from you,No-Intention,"[0, 0, 0, 0, 1, 0, 0, 0, 0]",['Describe-Need'],"[0, 0, 1, 0, 0, 0, 0, 0, 0]","{""intents"":[""Describe-Need""]}"
34-1_utt2_intention,34-1,2,agent_1: I do too.,No-Intention,"[0, 0, 0, 0, 1, 0, 0, 0, 0]",['Describe-Need'],"[0, 0, 1, 0, 0, 0, 0, 0, 0]","{""intents"":[""Describe-Need""]}"
61-6_utt1_intention,61-6,1,"agent_1: I know but with my condition i may not make it, especially without more water.😮",Describe-Need,"[0, 0, 1, 0, 0, 0, 0, 0, 0]",['Describe-Need'],"[0, 0, 1, 0, 0, 0, 0, 0, 0]","{""intents"":[""Describe-Need""]}"
61-6_utt2_intention,61-6,2,agent_2: you can make water by boiling water with all that extra firewood you got,Undermine-Requirements,"[0, 0, 0, 0, 0, 0, 0, 0, 1]",['Undermine-Requirements'],"[0, 0, 0, 0, 0, 0, 0, 0, 1]","{""intents"":[""Undermine-Requirements""]}"
129-4_utt1_intention,129-4,1,agent_2: so you want two firewoods and three waters and I get everything else? ,No-Intention,"[0, 0, 0, 0, 1, 0, 0, 0, 0]",['Promote-Coordination'],"[0, 0, 0, 0, 0, 0, 1, 0, 0]","{""intents"":[""Promote-Coordination""]}"
129-4_utt2_intention,129-4,2,agent_1: That sounds good to me!,No-Intention,"[0, 0, 0, 0, 1, 0, 0, 0, 0]",['Promote-Coordination'],"[0, 0, 0, 0, 0, 0, 1, 0, 0]","{""intents"":[""Promote-Coordination""]}"
23-3_utt1_intention,23-3,1,"agent_1: Okay great. Then I will choose 1 firewood, 2 food and 1 water",No-Intention,"[0, 0, 0, 0, 1, 0, 0, 0, 0]","['Describe-Need', 'Promote-Coordination']","[0, 0, 1, 0, 0, 0, 1, 0, 0]","{""intents"":[""Describe-Need"",""Promote-Coordination""]}"
23-3_utt2_intention,23-3,2,agent_2: Sounds like a plan.  Thanks a bunch.,No-Intention,"[0, 0, 0, 0, 1, 0, 0, 0, 0]","['Promote-Coordination', 'Build-Rapport']","[1, 0, 0, 0, 0, 0, 1, 0, 0]","{""intents"":[""Promote-Coordination"",""Build-Rapport""]}"
425-2_utt1_intention,425-2,1,agent_1: That is really nice of you! I hope they have fun! My family had this trip planned for quite awhile. We have an extra person with us because my son begged me for his friend to come. I couldn't say no. 🙂,Build-Rapport,"[1, 0, 0, 0, 0, 0, 0, 0, 0]","['Show-Empathy', 'Build-Rapport', 'Describe-Need']","[1, 0, 1, 0, 0, 0, 0, 1, 0]","{""intents"":[""Show-Empathy"",""Build-Rapport"",""Describe-Need""]}"
425-2_utt2_intention,425-2,2,agent_2: I have definitely been there before! With taking all the kids I'm worried about them getting dehydrated. I also have a 7 month old that needs water to make her bottles! I was hoping to get 3 extra packaged of water for sure. ,Describe-Need,"[0, 0, 1, 0, 0, 0, 0, 0, 0]","['Build-Rapport', 'Show-Empathy', 'Describe-Need']","[1, 0, 1, 0, 0, 0, 0, 1, 0]","{""intents"":[""Build-Rapport"",""Show-Empathy"",""Describe-Need""]}"
467-2_utt1_intention,467-2,1,"agent_1: what/ we have same priority items, how do we split this to ensure equitably ","Callout-Fairness,Promote-Coordination","[0, 1, 0, 0, 0, 0, 1, 0, 0]","['Callout-Fairness', 'Promote-Coordination']","[0, 1, 0, 0, 0, 0, 1, 0, 0]","{""intents"":[""Callout-Fairness"",""Promote-Coordination""]}"
467-2_utt2_intention,467-2,2,"agent_2: 2 food , 1 firewood ,2 water for me is it ok?",No-Intention,"[0, 0, 0, 0, 1, 0, 0, 0, 0]","['Callout-Fairness', 'Promote-Coordination']","[0, 1, 0, 0, 0, 0, 1, 0, 0]","{""intents"":[""Callout-Fairness"",""Promote-Coordination""]}"
120-0_utt1_intention,120-0,1,agent_2: hi 🙂,Build-Rapport,"[1, 0, 0, 0, 0, 0, 0, 0, 0]",['Build-Rapport'],"[1, 0, 0, 0, 0, 0, 0, 0, 0]","{""intents"":[""Build-Rapport""]}"
120-0_utt2_intention,120-0,2,agent_1: I was thinking that you could give me 3 food packages and i will give you 3 water? What do you think?,Promote-Coordination,"[0, 0, 0, 0, 0, 0, 1, 0, 0]","['Describe-Need', 'Promote-Coordination']","[0, 0, 1, 0, 0, 0, 1, 0, 0]","{""intents"":[""Describe-Need"",""Promote-Coordination""]}"
461-3_utt1_intention,461-3,1,agent_2: fantastic! and i look forward to getting my kids noses out of the electronics! ,Build-Rapport,"[1, 0, 0, 0, 0, 0, 0, 0, 0]","['Build-Rapport', 'Show-Empathy']","[1, 0, 0, 0, 0, 0, 0, 1, 0]","{""intents"":[""Build-Rapport"",""Show-Empathy""]}"
461-3_utt2_intention,461-3,2,"agent_1: I hear that. I think all of us could use a ""digital detox"" from time to time.  ",Build-Rapport,"[1, 0, 0, 0, 0, 0, 0, 0, 0]","['Build-Rapport', 'Show-Empathy']","[1, 0, 0, 0, 0, 0, 0, 1, 0]","{""intents"":[""Build-Rapport"",""Show-Empathy""]}"
18-0_utt1_intention,18-0,1,"agent_1: Hello, what are your preferences for food, water, and firewood?",Discover-Preference,"[0, 0, 0, 1, 0, 0, 0, 0, 0]","['Build-Rapport', 'Discover-Preference']","[1, 0, 0, 1, 0, 0, 0, 0, 0]","{""intents"":[""Build-Rapport"",""Discover-Preference""]}"
18-0_utt2_intention,18-0,2,"agent_2: Hey, nice getting to interact with you. I would like to have additional packages of firewood and water",Build-Rapport,"[1, 0, 0, 0, 0, 0, 0, 0, 0]","['Build-Rapport', 'Describe-Need']","[1, 0, 1, 0, 0, 0, 0, 0, 0]","{""intents"":[""Build-Rapport"",""Describe-Need""]}"
573-5_utt1_intention,573-5,1,agent_1: I really need the two food if I only have one firewood.,Promote-Coordination,"[0, 0, 0, 0, 0, 0, 1, 0, 0]",['Describe-Need'],"[0, 0, 1, 0, 0, 0, 0, 0, 0]","{""intents"":[""Describe-Need""]}"
573-5_utt2_intention,573-5,2,"agent_2: Yes, you can have two food and one firewood. Deal?",No-Intention,"[0, 0, 0, 0, 1, 0, 0, 0, 0]",['Promote-Coordination'],"[0, 0, 0, 0, 0, 0, 1, 0, 0]","{""intents"":[""Promote-Coordination""]}"
179-0_utt1_intention,179-0,1,"agent_2: Hi, how are you?",Build-Rapport,"[1, 0, 0, 0, 0, 0, 0, 0, 0]",['Build-Rapport'],"[1, 0, 0, 0, 0, 0, 0, 0, 0]","{""intents"":[""Build-Rapport""]}"
179-0_utt2_intention,179-0,2,"agent_1: Great, how are you?",Build-Rapport,"[1, 0, 0, 0, 0, 0, 0, 0, 0]",['Build-Rapport'],"[1, 0, 0, 0, 0, 0, 0, 0, 0]","{""intents"":[""Build-Rapport""]}"
99-3_utt1_intention,99-3,1,agent_2: That would be great 🙂. Would you be willing to take 1 firewood while I take 2?,Promote-Coordination,"[0, 0, 0, 0, 0, 0, 1, 0, 0]","['Build-Rapport', 'Discover-Preference', 'Promote-Coordination']","[1, 0, 0, 1, 0, 0, 1, 0, 0]","{""intents"":[""Build-Rapport"",""Discover-Preference"",""Promote-Coordination""]}"
99-3_utt2_intention,99-3,2,"agent_1: I think that works, I am definitely down for that",No-Intention,"[0, 0, 0, 0, 1, 0, 0, 0, 0]",['Promote-Coordination'],"[0, 0, 0, 0, 0, 0, 1, 0, 0]","{""intents"":[""Promote-Coordination""]}"
69-3_utt1_intention,69-3,1,agent_1: Wow...what a different world,Show-Empathy,"[0, 0, 0, 0, 0, 0, 0, 1, 0]",['Build-Rapport'],"[1, 0, 0, 0, 0, 0, 0, 0, 0]","{""intents"":[""Build-Rapport""]}"
69-3_utt2_intention,69-3,2,agent_2: You got that right I can give you 2 firewood if you give me two food,No-Intention,"[0, 0, 0, 0, 1, 0, 0, 0, 0]","['Build-Rapport', 'Promote-Coordination']","[1, 0, 0, 0, 0, 0, 1, 0, 0]","{""intents"":[""Build-Rapport"",""Promote-Coordination""]}"
153-2_utt1_intention,153-2,1,agent_1: i will be needing more of water ,No-Intention,"[0, 0, 0, 0, 1, 0, 0, 0, 0]",['Describe-Need'],"[0, 0, 1, 0, 0, 0, 0, 0, 0]","{""intents"":[""Describe-Need""]}"
153-2_utt2_intention,153-2,2,"agent_2: Okay, what I need most is food because I need nutrients, could you tell me what is the least you need?🙂","Describe-Need,Discover-Preference","[0, 0, 1, 1, 0, 0, 0, 0, 0]","['Describe-Need', 'Discover-Preference']","[0, 0, 1, 1, 0, 0, 0, 0, 0]","{""intents"":[""Describe-Need"",""Discover-Preference""]}"
574-2_utt1_intention,574-2,1,agent_1: Me too. I haven't been camping for several years. ,Build-Rapport,"[1, 0, 0, 0, 0, 0, 0, 0, 0]",['Build-Rapport'],"[1, 0, 0, 0, 0, 0, 0, 0, 0]","{""intents"":[""Build-Rapport""]}"
574-2_utt2_intention,574-2,2,"agent_2: What type of place are you thinking of going camping to? Like what is the climate/area? More desert or forest, etc?",Build-Rapport,"[1, 0, 0, 0, 0, 0, 0, 0, 0]",['Discover-Preference'],"[0, 0, 0, 1, 0, 0, 0, 0, 0]","{""intents"":[""Discover-Preference""]}"
541-2_utt1_intention,541-2,1,agent_1: well this should be intersting what do you need second most?,Discover-Preference,"[0, 0, 0, 1, 0, 0, 0, 0, 0]","['Discover-Preference', 'Promote-Coordination']","[0, 0, 0, 1, 0, 0, 1, 0, 0]","{""intents"":[""Discover-Preference"",""Promote-Coordination""]}"
541-2_utt2_intention,541-2,2,agent_2: I need food the second most.,No-Intention,"[0, 0, 0, 0, 1, 0, 0, 0, 0]",['Describe-Need'],"[0, 0, 1, 0, 0, 0, 0, 0, 0]","{""intents"":[""Describe-Need""]}"
592-5_utt1_intention,592-5,1,"agent_1: Will you take two firewood, 1 food, and 1 water?",No-Intention,"[0, 0, 0, 0, 1, 0, 0, 0, 0]","['Promote-Coordination', 'Discover-Preference']","[0, 0, 0, 1, 0, 0, 1, 0, 0]","{""intents"":[""Promote-Coordination"",""Discover-Preference""]}"
592-5_utt2_intention,592-5,2,"agent_2: I don't want to take too much food, I want you to be able to enjoy all the cooking you are going to do🙂! But I would like two waters--I'd be afraid of dehydrating on my trip. I'd even throw in the extra food! that would give you all three! you could really do some cooking then! ","Callout-Fairness,Promote-Coordination","[0, 1, 0, 0, 0, 0, 1, 0, 0]","['Build-Rapport', 'Describe-Need', 'Promote-Coordination', 'Show-Empathy']","[1, 0, 1, 0, 0, 0, 1, 1, 0]","{""intents"":[""Build-Rapport"",""Describe-Need"",""Promote-Coordination"",""Show-Empathy""]}"
98-1_utt1_intention,98-1,1,"agent_2: I'm doing pretty good. I plan on camping with the family this weekend, how about you?","Build-Rapport,Describe-Need","[1, 0, 1, 0, 0, 0, 0, 0, 0]","['Build-Rapport', 'Discover-Preference']","[1, 0, 0, 1, 0, 0, 0, 0, 0]","{""intents"":[""Build-Rapport"",""Discover-Preference""]}"
98-1_utt2_intention,98-1,2,"agent_1: Nice. Same, it's over 100 degrees where I live. 🙂","Build-Rapport,Describe-Need","[1, 0, 1, 0, 0, 0, 0, 0, 0]",['Build-Rapport'],"[1, 0, 0, 0, 0, 0, 0, 0, 0]","{""intents"":[""Build-Rapport""]}"
484-0_utt1_intention,484-0,1,"agent_2: Hi there, fellow camper! 🙂",Build-Rapport,"[1, 0, 0, 0, 0, 0, 0, 0, 0]",['Build-Rapport'],"[1, 0, 0, 0, 0, 0, 0, 0, 0]","{""intents"":[""Build-Rapport""]}"
484-0_utt2_intention,484-0,2,agent_1: Hello 🙂 How are you?,Build-Rapport,"[1, 0, 0, 0, 0, 0, 0, 0, 0]",['Build-Rapport'],"[1, 0, 0, 0, 0, 0, 0, 0, 0]","{""intents"":[""Build-Rapport""]}"
461-4_utt1_intention,461-4,1,agent_2: Especially right now when everything is closed with the COVID pandemic! ,Build-Rapport,"[1, 0, 0, 0, 0, 0, 0, 0, 0]","['Build-Rapport', 'Show-Empathy']","[1, 0, 0, 0, 0, 0, 0, 1, 0]","{""intents"":[""Build-Rapport"",""Show-Empathy""]}"
461-4_utt2_intention,461-4,2,agent_1: It will be good to decompress and get away from the madness. ,Build-Rapport,"[1, 0, 0, 0, 0, 0, 0, 0, 0]","['Build-Rapport', 'Show-Empathy', 'Promote-Coordination']","[1, 0, 0, 0, 0, 0, 1, 1, 0]","{""intents"":[""Build-Rapport"", ""Show-Empathy"", ""Promote-Coordination""]}"
485-0_utt1_intention,485-0,1,agent_2: Hey there - looks like we are both going camping!  I'm from the South so firewood and water are a high priority for me.,Build-Rapport,"[1, 0, 0, 0, 0, 0, 0, 0, 0]","['Build-Rapport', 'Describe-Need']","[1, 0, 1, 0, 0, 0, 0, 0, 0]","{""intents"":[""Build-Rapport"",""Describe-Need""]}"
485-0_utt2_intention,485-0,2,"agent_1: Wow, thats awesome! Yes, I am! Well, that's great because water isn't super important for me. Firewood is though. ",No-Need,"[0, 0, 0, 0, 0, 1, 0, 0, 0]","['Build-Rapport', 'Describe-Need']","[1, 0, 1, 0, 0, 0, 0, 0, 0]","{""intents"":[""Build-Rapport"",""Describe-Need""]}"
596-1_utt1_intention,596-1,1,"agent_2: I need firewood to cook the fish I plan to catch.  I don't really need more food, but I can use a little water too, since it's warm.",Describe-Need,"[0, 0, 1, 0, 0, 0, 0, 0, 0]","['Describe-Need', 'No-Need']","[0, 0, 1, 0, 0, 1, 0, 0, 0]","{""intents"":[""Describe-Need"",""No-Need""]}"
596-1_utt2_intention,596-1,2,"agent_1: I need firewood, because I have a medical condition that causes my veins to close if I get too cold at night. I don't mind sharing the water.","Describe-Need,Promote-Coordination","[0, 0, 1, 0, 0, 0, 1, 0, 0]","['Describe-Need', 'Promote-Coordination']","[0, 0, 1, 0, 0, 0, 1, 0, 0]","{""intents"":[""Describe-Need"",""Promote-Coordination""]}"
502-1_utt1_intention,502-1,1,agent_1: That's good to hear. I am going camping this weekend and need some extra supplies. What about you?,Build-Rapport,"[1, 0, 0, 0, 0, 0, 0, 0, 0]","['Show-Empathy', 'Describe-Need', 'Discover-Preference']","[0, 0, 1, 1, 0, 0, 0, 1, 0]","{""intents"":[""Show-Empathy"",""Describe-Need"",""Discover-Preference""]}"
502-1_utt2_intention,502-1,2,agent_2: That's great! I also have a comping trip planned. We will be having an all night dance party. I could definitely use some extra supplies. What are you in need of the most?,"Build-Rapport,Discover-Preference","[1, 0, 0, 1, 0, 0, 0, 0, 0]","['Build-Rapport', 'Describe-Need', 'Discover-Preference']","[1, 0, 1, 1, 0, 0, 0, 0, 0]","{""intents"":[""Build-Rapport"",""Describe-Need"",""Discover-Preference""]}"
481-0_utt1_intention,481-0,1,agent_2: Hello I hope we can negotiate so that we are both satisfied. Do you think it's OK?🙂,"Callout-Fairness,Promote-Coordination","[0, 1, 0, 0, 0, 0, 1, 0, 0]","['Build-Rapport', 'Promote-Coordination']","[1, 0, 0, 0, 0, 0, 1, 0, 0]","{""intents"":[""Build-Rapport"",""Promote-Coordination""]}"
481-0_utt2_intention,481-0,2,agent_1: Yes that would be great 🙂🙂,Build-Rapport,"[1, 0, 0, 0, 0, 0, 0, 0, 0]","['Build-Rapport', 'Promote-Coordination']","[1, 0, 0, 0, 0, 0, 1, 0, 0]","{""intents"":[""Build-Rapport"",""Promote-Coordination""]}"
154-4_utt1_intention,154-4,1,"agent_1: Hm, I didn't think about that. Good point.",No-Intention,"[0, 0, 0, 0, 1, 0, 0, 0, 0]",['Promote-Coordination'],"[0, 0, 0, 0, 0, 0, 1, 0, 0]","{""intents"":[""Promote-Coordination""]}"
154-4_utt2_intention,154-4,2,agent_2: Does that work for you?,No-Intention,"[0, 0, 0, 0, 1, 0, 0, 0, 0]",['Promote-Coordination'],"[0, 0, 0, 0, 0, 0, 1, 0, 0]","{""intents"":[""Promote-Coordination""]}"
416-1_utt1_intention,416-1,1,agent_2: I'm doing well. I can't wait to go camping,Build-Rapport,"[1, 0, 0, 0, 0, 0, 0, 0, 0]",['Build-Rapport'],"[1, 0, 0, 0, 0, 0, 0, 0, 0]","{""intents"":[""Build-Rapport""]}"
416-1_utt2_intention,416-1,2,agent_1: I am usually not much of a camper!  I will start with an offer if that is ok with you.,Build-Rapport,"[1, 0, 0, 0, 0, 0, 0, 0, 0]","['Describe-Need', 'Promote-Coordination']","[0, 0, 1, 0, 0, 0, 1, 0, 0]","{""intents"":[""Describe-Need"",""Promote-Coordination""]}"
46-2_utt1_intention,46-2,1,"agent_1: ok, but i want 2 pack of food, 2 pack of water and 1 pack of firewood",No-Intention,"[0, 0, 0, 0, 1, 0, 0, 0, 0]",['Describe-Need'],"[0, 0, 1, 0, 0, 0, 0, 0, 0]","{""intents"":[""Describe-Need""]}"
46-2_utt2_intention,46-2,2,agent_2: I also want 2 water. Then I can take 1 from the other items.,No-Intention,"[0, 0, 0, 0, 1, 0, 0, 0, 0]","['Describe-Need', 'Promote-Coordination']","[0, 0, 1, 0, 0, 0, 1, 0, 0]","{""intents"":[""Describe-Need"",""Promote-Coordination""]}"
569-0_utt1_intention,569-0,1,agent_2: Hi there. How's it going?,Build-Rapport,"[1, 0, 0, 0, 0, 0, 0, 0, 0]",['Build-Rapport'],"[1, 0, 0, 0, 0, 0, 0, 0, 0]","{""intents"":[""Build-Rapport""]}"
569-0_utt2_intention,569-0,2,"agent_1: I am doing good, how are you doing?",Build-Rapport,"[1, 0, 0, 0, 0, 0, 0, 0, 0]",['Build-Rapport'],"[1, 0, 0, 0, 0, 0, 0, 0, 0]","{""intents"":[""Build-Rapport""]}"
546-0_utt1_intention,546-0,1,agent_2: Hey there fellow camper! How's it going? ,Build-Rapport,"[1, 0, 0, 0, 0, 0, 0, 0, 0]",['Build-Rapport'],"[1, 0, 0, 0, 0, 0, 0, 0, 0]","{""intents"":[""Build-Rapport""]}"
546-0_utt2_intention,546-0,2,agent_1: Hey camper buddy! all goes well. and you?,Build-Rapport,"[1, 0, 0, 0, 0, 0, 0, 0, 0]",['Build-Rapport'],"[1, 0, 0, 0, 0, 0, 0, 0, 0]","{""intents"":[""Build-Rapport""]}"
181-6_utt1_intention,181-6,1,agent_1: You're a good friend! I'm excited to embark on this adventure! 🙂🙂🙂,Build-Rapport,"[1, 0, 0, 0, 0, 0, 0, 0, 0]","['Build-Rapport', 'Promote-Coordination']","[1, 0, 0, 0, 0, 0, 1, 0, 0]","{""intents"":[""Build-Rapport"",""Promote-Coordination""]}"
181-6_utt2_intention,181-6,2,"agent_2: Me too!  So let me clarify:  I will take 2 firewood, 1 water and 1 food.  You will take 1 Firewood, 2 water and 2 food.  Is that right.  🙂🙂🙂",Build-Rapport,"[1, 0, 0, 0, 0, 0, 0, 0, 0]","['Build-Rapport', 'Promote-Coordination']","[1, 0, 0, 0, 0, 0, 1, 0, 0]","{""intents"":[""Build-Rapport"",""Promote-Coordination""]}"
36-1_utt1_intention,36-1,1,"agent_1: I'm good as well, trying to plan my camping trip for the weekend. Do you enjoy camping?",Build-Rapport,"[1, 0, 0, 0, 0, 0, 0, 0, 0]","['Build-Rapport', 'Describe-Need', 'Discover-Preference']","[1, 0, 1, 1, 0, 0, 0, 0, 0]","{""intents"":[""Build-Rapport"",""Describe-Need"",""Discover-Preference""]}"
36-1_utt2_intention,36-1,2,agent_2: I do but it's hotter than I expected. Probably gonna drink a lot of water.,"Build-Rapport,Describe-Need","[1, 0, 1, 0, 0, 0, 0, 0, 0]",['Describe-Need'],"[0, 0, 1, 0, 0, 0, 0, 0, 0]","{""intents"":[""Describe-Need""]}"
462-5_utt1_intention,462-5,1,agent_1: Sounds alright,Callout-Fairness,"[0, 1, 0, 0, 0, 0, 0, 0, 0]",['No-Intention'],"[0, 0, 0, 0, 1, 0, 0, 0, 0]","{""intents"":[""No-Intention""]}"
0-4_utt1_intention,0-4,1,"agent_1: Oh sorry for the confusion. 😮 In that case, thank you for the generosity! 🙂 How about if I have 3 firewood, 1 food, and 1 water?",No-Intention,"[0, 0, 0, 0, 1, 0, 0, 0, 0]","['Build-Rapport', 'Promote-Coordination']","[1, 0, 0, 0, 0, 0, 1, 0, 0]","{""intents"":[""Build-Rapport"",""Promote-Coordination""]}"
0-4_utt2_intention,0-4,2,agent_2: I can do that for 3 food and 3 water?,No-Intention,"[0, 0, 0, 0, 1, 0, 0, 0, 0]",['Promote-Coordination'],"[0, 0, 0, 0, 0, 0, 1, 0, 0]","{""intents"":[""Promote-Coordination""]}"
50-0_utt1_intention,50-0,1,"agent_1: Hi, What is decision about packages?",No-Intention,"[0, 0, 0, 0, 1, 0, 0, 0, 0]",['Discover-Preference'],"[0, 0, 0, 1, 0, 0, 0, 0, 0]","{""intents"":[""Discover-Preference""]}"
50-0_utt2_intention,50-0,2,"agent_2: I was thinking I will take 2 food, 1 water, 2 firewood",No-Intention,"[0, 0, 0, 0, 1, 0, 0, 0, 0]",['Describe-Need'],"[0, 0, 1, 0, 0, 0, 0, 0, 0]","{""intents"":[""Describe-Need""]}"
183-2_utt1_intention,183-2,1,"agent_2: Ah, Baby's first camping trip. 🙂 But that is a bit of a big worry. ","Build-Rapport,Show-Empathy","[1, 0, 0, 0, 0, 0, 0, 1, 0]","['Show-Empathy', 'Build-Rapport']","[1, 0, 0, 0, 0, 0, 0, 1, 0]","{""intents"":[""Show-Empathy"",""Build-Rapport""]}"
183-2_utt2_intention,183-2,2,agent_1: Yea so I was hoping i could get 3 of the waters if possible and 1 firewood and you can have the rest!,No-Intention,"[0, 0, 0, 0, 1, 0, 0, 0, 0]","['Describe-Need', 'Promote-Coordination']","[0, 0, 1, 0, 0, 0, 1, 0, 0]","{""intents"":[""Describe-Need"",""Promote-Coordination""]}"
535-2_utt1_intention,535-2,1,agent_2: It has been extremely dry in the area I will be going to so I was hoping to get a little extra water too.  I do. I love hiking and running trails!  Due to the extreme dry weather I should have plenty of wood I can scavenge for if you need all of it!,"Describe-Need,No-Need","[0, 0, 1, 0, 0, 1, 0, 0, 0]","['Build-Rapport', 'Describe-Need', 'Promote-Coordination']","[1, 0, 1, 0, 0, 0, 1, 0, 0]","{""intents"":[""Build-Rapport"",""Describe-Need"",""Promote-Coordination""]}"
535-2_utt2_intention,535-2,2,"agent_1: Hmm. Maybe we could go out together on a run. 🙂Always nice to have a running partner. So maybe on the water you get 2, me 1. Then on the Firewood the opposite?",Build-Rapport,"[1, 0, 0, 0, 0, 0, 0, 0, 0]","['Build-Rapport', 'Promote-Coordination', 'Callout-Fairness']","[1, 1, 0, 0, 0, 0, 1, 0, 0]","{""intents"":[""Build-Rapport"",""Promote-Coordination"",""Callout-Fairness""]}"
118-3_utt1_intention,118-3,1,agent_1: Okay. I think it will be good. Then I'll take two packages of food one of  firewood and one of water.🙂🙂,No-Intention,"[0, 0, 0, 0, 1, 0, 0, 0, 0]","['Describe-Need', 'Promote-Coordination']","[0, 0, 1, 0, 0, 0, 1, 0, 0]","{""intents"":[""Describe-Need"",""Promote-Coordination""]}"
118-3_utt2_intention,118-3,2,"agent_2: Okay, I am happy with that decision. ",No-Intention,"[0, 0, 0, 0, 1, 0, 0, 0, 0]","['Build-Rapport', 'Promote-Coordination']","[1, 0, 0, 0, 0, 0, 1, 0, 0]","{""intents"":[""Build-Rapport"",""Promote-Coordination""]}"
527-4_utt1_intention,527-4,1,agent_1: so what is the whole deal here? ,No-Intention,"[0, 0, 0, 0, 1, 0, 0, 0, 0]",['Promote-Coordination'],"[0, 0, 0, 0, 0, 0, 1, 0, 0]","{""intents"":[""Promote-Coordination""]}"
527-4_utt2_intention,527-4,2,agent_2: you get 3 firewood I get 3 waters and now food I will give you 1 if that is ok🙂,No-Intention,"[0, 0, 0, 0, 1, 0, 0, 0, 0]",['Promote-Coordination'],"[0, 0, 0, 0, 0, 0, 1, 0, 0]","{""intents"":[""Promote-Coordination""]}"
523-1_utt1_intention,523-1,1,"agent_2: Yea, that's not going to work for me. That would leave me with NO food, and only 1 water, and 1 firewood. Would you take that deal, if I offered it back to you?",Callout-Fairness,"[0, 1, 0, 0, 0, 0, 0, 0, 0]","['Callout-Fairness', 'Describe-Need', 'Discover-Preference']","[0, 1, 1, 1, 0, 0, 0, 0, 0]","{""intents"":[""Callout-Fairness"",""Describe-Need"",""Discover-Preference""]}"
523-1_utt2_intention,523-1,2,agent_1: Ok what will work for you?,No-Intention,"[0, 0, 0, 0, 1, 0, 0, 0, 0]","['Discover-Preference', 'Promote-Coordination']","[0, 0, 0, 1, 0, 0, 1, 0, 0]","{""intents"":[""Discover-Preference"",""Promote-Coordination""]}"
538-1_utt1_intention,538-1,1,"agent_1: I kinda need some firewood too. I'm totally good with the water, tho. How about I give you 1 firewoods, and give you three waters?",No-Intention,"[0, 0, 0, 0, 1, 0, 0, 0, 0]","['Describe-Need', 'Promote-Coordination']","[0, 0, 1, 0, 0, 0, 1, 0, 0]","{""intents"":[""Describe-Need"",""Promote-Coordination""]}"
538-1_utt2_intention,538-1,2,agent_2: That sounds good but I need two foods please.,No-Intention,"[0, 0, 0, 0, 1, 0, 0, 0, 0]","['Describe-Need', 'Promote-Coordination']","[0, 0, 1, 0, 0, 0, 1, 0, 0]","{""intents"":[""Describe-Need"",""Promote-Coordination""]}"
555-5_utt1_intention,555-5,1,agent_2: Yes that is great with me 🙂,No-Intention,"[0, 0, 0, 0, 1, 0, 0, 0, 0]",['Promote-Coordination'],"[0, 0, 0, 0, 0, 0, 1, 0, 0]","{""intents"":[""Promote-Coordination""]}"
555-5_utt2_intention,555-5,2,agent_1: so we have a deal?,No-Intention,"[0, 0, 0, 0, 1, 0, 0, 0, 0]",['Promote-Coordination'],"[0, 0, 0, 0, 0, 0, 1, 0, 0]","{""intents"":[""Promote-Coordination""]}"
523-3_utt1_intention,523-3,1,agent_2: Ok. I really need the food the most. ,No-Intention,"[0, 0, 0, 0, 1, 0, 0, 0, 0]",['Describe-Need'],"[0, 0, 1, 0, 0, 0, 0, 0, 0]","{""intents"":[""Describe-Need""]}"
523-3_utt2_intention,523-3,2,"agent_1: Now, let me have 2 food and 2 water and i will give you 3 firewood. What about that?",No-Intention,"[0, 0, 0, 0, 1, 0, 0, 0, 0]","['Describe-Need', 'Promote-Coordination']","[0, 0, 1, 0, 0, 0, 1, 0, 0]","{""intents"":[""Describe-Need"",""Promote-Coordination""]}"
27-0_utt1_intention,27-0,1,agent_2: Ireall would like the water as I forgot to bring it and would not be able to survive without it,Describe-Need,"[0, 0, 1, 0, 0, 0, 0, 0, 0]",['Describe-Need'],"[0, 0, 1, 0, 0, 0, 0, 0, 0]","{""intents"":[""Describe-Need""]}"
27-0_utt2_intention,27-0,2,agent_1: I can trade more food but I need a bit more water.  ,Promote-Coordination,"[0, 0, 0, 0, 0, 0, 1, 0, 0]","['Describe-Need', 'Promote-Coordination']","[0, 0, 1, 0, 0, 0, 1, 0, 0]","{""intents"":[""Describe-Need"",""Promote-Coordination""]}"
139-4_utt1_intention,139-4,1,"agent_1: For me is the firewood,  Lets do this: I give u 2 food 1 water and 1 firewood. and i get 2 waters 1 food and 2 firewood",No-Intention,"[0, 0, 0, 0, 1, 0, 0, 0, 0]","['Describe-Need', 'Promote-Coordination']","[0, 0, 1, 0, 0, 0, 1, 0, 0]","{""intents"":[""Describe-Need"",""Promote-Coordination""]}"
139-4_utt2_intention,139-4,2,agent_2: sounds good,No-Intention,"[0, 0, 0, 0, 1, 0, 0, 0, 0]",['No-Intention'],"[0, 0, 0, 0, 1, 0, 0, 0, 0]","{""intents"":[""No-Intention""]}"
584-0_utt1_intention,584-0,1,agent_2: Hello 🙂 What do you need most??,Discover-Preference,"[0, 0, 0, 1, 0, 0, 0, 0, 0]","['Build-Rapport', 'Discover-Preference']","[1, 0, 0, 1, 0, 0, 0, 0, 0]","{""intents"":[""Build-Rapport"",""Discover-Preference""]}"
584-0_utt2_intention,584-0,2,"agent_1: I would say between firewood and food, eating and comfort is important to me",Describe-Need,"[0, 0, 1, 0, 0, 0, 0, 0, 0]",['Describe-Need'],"[0, 0, 1, 0, 0, 0, 0, 0, 0]","{""intents"":[""Describe-Need""]}"
118-0_utt1_intention,118-0,1,agent_1: Hi. I'd like to have all the food packages for my children and two of firewood. Will you accept it🙂🙂🙂,Describe-Need,"[0, 0, 1, 0, 0, 0, 0, 0, 0]","['Build-Rapport', 'Describe-Need', 'Promote-Coordination']","[1, 0, 1, 0, 0, 0, 1, 0, 0]","{""intents"":[""Build-Rapport"",""Describe-Need"",""Promote-Coordination""]}"
118-0_utt2_intention,118-0,2,"agent_2: I apologize but that will not work. I have a diabetic and need to make sure they will have enough food for a hike. So I would like to take two food packages, one water, and two firewood. ",Describe-Need,"[0, 0, 1, 0, 0, 0, 0, 0, 0]","['Describe-Need', 'Promote-Coordination']","[0, 0, 1, 0, 0, 0, 1, 0, 0]","{""intents"":[""Describe-Need"",""Promote-Coordination""]}"
53-0_utt1_intention,53-0,1,agent_2: how about I give you 2 waters and 1 food package in exchange for all your firewood?,No-Intention,"[0, 0, 0, 0, 1, 0, 0, 0, 0]",['Promote-Coordination'],"[0, 0, 0, 0, 0, 0, 1, 0, 0]","{""intents"":[""Promote-Coordination""]}"
53-0_utt2_intention,53-0,2,"agent_1: I'm afraid that will not work for me. I have hypothyroidism, so I am intolerant to cold temperatures. I was also planning on taking a swim in the river. I would prefer to take two firewood & one food package, & you may have the three waters, two food packages, & one firewood.",Describe-Need,"[0, 0, 1, 0, 0, 0, 0, 0, 0]","['Describe-Need', 'Promote-Coordination']","[0, 0, 1, 0, 0, 0, 1, 0, 0]","{""intents"":[""Describe-Need"",""Promote-Coordination""]}"
498-0_utt1_intention,498-0,1,agent_2: Hey how's it going?,Build-Rapport,"[1, 0, 0, 0, 0, 0, 0, 0, 0]",['Build-Rapport'],"[1, 0, 0, 0, 0, 0, 0, 0, 0]","{""intents"":[""Build-Rapport""]}"
498-0_utt2_intention,498-0,2,"agent_1: Not bad, yourself?",Build-Rapport,"[1, 0, 0, 0, 0, 0, 0, 0, 0]",['Build-Rapport'],"[1, 0, 0, 0, 0, 0, 0, 0, 0]","{""intents"":[""Build-Rapport""]}"
