dialogue_id,utt_idx,target_utterance,gold_intent,gold_bitmask,pred_intents,pred_bitmask,raw_response
78-1,1,agent_1: I could definitely use the time away from society.  What's your favorite part of camping? ,Build-Rapport,"[1, 0, 0, 0, 0, 0, 0, 0, 0]","['Build-Rapport', 'Discover-Preference']","[1, 0, 0, 1, 0, 0, 0, 0, 0]","{""intents"": [""Build-Rapport"", ""Discover-Preference""]}"
78-1,2,agent_2: i love to eat,Build-Rapport,"[1, 0, 0, 0, 0, 0, 0, 0, 0]",['Discover-Preference'],"[0, 0, 0, 1, 0, 0, 0, 0, 0]","{""intents"": [""Discover-Preference""]}"
18-3,1,agent_1: I need more firewood to keep my food going.,Describe-Need,"[0, 0, 1, 0, 0, 0, 0, 0, 0]",['Describe-Need'],"[0, 0, 1, 0, 0, 0, 0, 0, 0]","{""intents"": [""Describe-Need""]}"
18-3,2,"agent_2: I get it, in that case I'' take additional packages of food.",Show-Empathy,"[0, 0, 0, 0, 0, 0, 0, 1, 0]","['Describe-Need', 'Promote-Coordination']","[0, 0, 1, 0, 0, 0, 1, 0, 0]","{""intents"": [""Describe-Need"", ""Promote-Coordination""]}"
188-1,1,"agent_2: I agree, it will be tricky to find extra food while camping. I'm sure we can figure out something that works for both of us... the water is also very important to me because it's supposed to be hot. There is plenty of wood where I'm going, so you can have the firewood. Would you be willing to take 3 firewood, 1 food and 1 food?","Callout-Fairness,Describe-Need,No-Need,Promote-Coordination","[0, 1, 1, 0, 0, 1, 1, 0, 0]","['Describe-Need', 'Promote-Coordination', 'Show-Empathy']","[0, 0, 1, 0, 0, 0, 1, 1, 0]","{""intents"": [""Describe-Need"", ""Promote-Coordination"", ""Show-Empathy""]}"
188-1,2,"agent_1: I would like at least 2 food, how does me getting 2 food, 1 water,2 firewood sound?",No-Intention,"[0, 0, 0, 0, 1, 0, 0, 0, 0]","['Describe-Need', 'Promote-Coordination']","[0, 0, 1, 0, 0, 0, 1, 0, 0]","{""intents"": [""Describe-Need"", ""Promote-Coordination""]}"
168-0,1,agent_2: Hey there!,No-Intention,"[0, 0, 0, 0, 1, 0, 0, 0, 0]",['Build-Rapport'],"[1, 0, 0, 0, 0, 0, 0, 0, 0]","{""intents"": [""Build-Rapport""]}"
168-0,2,agent_1: Hi! What are your preferences? ,Discover-Preference,"[0, 0, 0, 1, 0, 0, 0, 0, 0]","['Discover-Preference', 'Build-Rapport']","[1, 0, 0, 1, 0, 0, 0, 0, 0]","{""intents"": [""Discover-Preference"", ""Build-Rapport""]}"
153-1,1,agent_1: yes we can,No-Intention,"[0, 0, 0, 0, 1, 0, 0, 0, 0]","['Build-Rapport', 'Promote-Coordination']","[1, 0, 0, 0, 0, 0, 1, 0, 0]","{""intents"": [""Build-Rapport"", ""Promote-Coordination""]}"
153-1,2,"agent_2: Ok, could you tell me which item you need more and which one you need less?",Discover-Preference,"[0, 0, 0, 1, 0, 0, 0, 0, 0]","['Discover-Preference', 'Promote-Coordination']","[0, 0, 0, 1, 0, 0, 1, 0, 0]","{""intents"": [""Discover-Preference"", ""Promote-Coordination""]}"
96-3,1,"agent_2: Of course. So, what about food? I will definitely need the food. I have a big family, and we all need to eat. I can't have people starving. Can I take all of the food?","Describe-Need,Discover-Preference","[0, 0, 1, 1, 0, 0, 0, 0, 0]","['Describe-Need', 'Callout-Fairness']","[0, 1, 1, 0, 0, 0, 0, 0, 0]","{""intents"": [""Describe-Need"", ""Callout-Fairness""]}"
96-3,2,agent_1: Okay I accept that.,No-Intention,"[0, 0, 0, 0, 1, 0, 0, 0, 0]",['Promote-Coordination'],"[0, 0, 0, 0, 0, 0, 1, 0, 0]","{""intents"": [""Promote-Coordination""]}"
72-4,1,agent_1: okay fine,No-Intention,"[0, 0, 0, 0, 1, 0, 0, 0, 0]","['Build-Rapport', 'Promote-Coordination']","[1, 0, 0, 0, 0, 0, 1, 0, 0]","{""intents"": [""Build-Rapport"", ""Promote-Coordination""]}"
72-4,2,agent_2: Anything else are you happy with this moment?,Build-Rapport,"[1, 0, 0, 0, 0, 0, 0, 0, 0]","['Build-Rapport', 'Show-Empathy']","[1, 0, 0, 0, 0, 0, 0, 1, 0]","{""intents"": [""Build-Rapport"", ""Show-Empathy""]}"
590-1,1,"agent_2: Not bad, not bad. How are you. What's on your mind for camping? ",Build-Rapport,"[1, 0, 0, 0, 0, 0, 0, 0, 0]","['Build-Rapport', 'Discover-Preference']","[1, 0, 0, 1, 0, 0, 0, 0, 0]","{""intents"": [""Build-Rapport"", ""Discover-Preference""]}"
590-1,2,"agent_1: I'm doing well. We're desperately needing wood. We didn't realize how cold it would be as it is our first time here. There is none around our area so we are really concerned about staying warm especially at night. We also forgot a bag of food, so that's another need for us.",Describe-Need,"[0, 0, 1, 0, 0, 0, 0, 0, 0]","['Describe-Need', 'Show-Empathy']","[0, 0, 1, 0, 0, 0, 0, 1, 0]","{""intents"": [""Describe-Need"", ""Show-Empathy""]}"
61-8,1,"agent_1: Let me take 2 firewood, 2 water and you take the rest. You will have more than me overall",No-Intention,"[0, 0, 0, 0, 1, 0, 0, 0, 0]","['Callout-Fairness', 'Describe-Need', 'Promote-Coordination']","[0, 1, 1, 0, 0, 0, 1, 0, 0]","{""intents"": [""Callout-Fairness"", ""Describe-Need"", ""Promote-Coordination""]}"
61-8,2,agent_2: ok,None,"[0, 0, 0, 0, 0, 0, 0, 0, 0]",['Promote-Coordination'],"[0, 0, 0, 0, 0, 0, 1, 0, 0]","{""intents"": [""Promote-Coordination""]}"
505-2,1,"agent_1: food, then water, then firewood, and yours?",Discover-Preference,"[0, 0, 0, 1, 0, 0, 0, 0, 0]",['Discover-Preference'],"[0, 0, 0, 1, 0, 0, 0, 0, 0]","{""intents"": [""Discover-Preference""]}"
505-2,2,"agent_2: water, food then firewood. It's really hot so I need to make sure we are hydrated. We forgot a bag of supplies that had mostly food so we really could use food. It's hot so firewood isn't necessary. If anything we can get it from around or on a hike.","Describe-Need,No-Need","[0, 0, 1, 0, 0, 1, 0, 0, 0]","['Describe-Need', 'Discover-Preference', 'Promote-Coordination']","[0, 0, 1, 1, 0, 0, 1, 0, 0]","{""intents"": [""Describe-Need"", ""Discover-Preference"", ""Promote-Coordination""]}"
22-3,1,agent_1: I also would prefer some food but am willing to give 3 fire wood in exchange for 3 water. I suffer from chronic dehydration because I sweat too much.,"Describe-Need,Promote-Coordination","[0, 0, 1, 0, 0, 0, 1, 0, 0]","['Describe-Need', 'Promote-Coordination', 'Show-Empathy']","[0, 0, 1, 0, 0, 0, 1, 1, 0]","{""intents"": [""Describe-Need"", ""Promote-Coordination"", ""Show-Empathy""]}"
22-3,2,"agent_2: Excellent, I would love to help you out.  We have plenty of water to spare.  I'd gladly give you 3 water in exchange for 3 firewood.","No-Need,Promote-Coordination,Show-Empathy","[0, 0, 0, 0, 0, 1, 1, 1, 0]","['Build-Rapport', 'Promote-Coordination']","[1, 0, 0, 0, 0, 0, 1, 0, 0]","{""intents"": [""Build-Rapport"", ""Promote-Coordination""]}"
21-1,1,"agent_2: Yeah, it's very sad these days",Build-Rapport,"[1, 0, 0, 0, 0, 0, 0, 0, 0]",['Show-Empathy'],"[0, 0, 0, 0, 0, 0, 0, 1, 0]","{""intents"": [""Show-Empathy""]}"
21-1,2,agent_1: Then I got here and noticed I didn't pack my cooking sterno and critters go into some of my food☹️Kinda puts a damper on the trip.,"Build-Rapport,Describe-Need","[1, 0, 1, 0, 0, 0, 0, 0, 0]","['Describe-Need', 'Show-Empathy']","[0, 0, 1, 0, 0, 0, 0, 1, 0]","{""intents"": [""Describe-Need"", ""Show-Empathy""]}"
66-3,1,agent_2: Ok if I can keep one water as well 🙂,No-Intention,"[0, 0, 0, 0, 1, 0, 0, 0, 0]","['Callout-Fairness', 'Describe-Need', 'Promote-Coordination']","[0, 1, 1, 0, 0, 0, 1, 0, 0]","{""intents"": [""Callout-Fairness"", ""Describe-Need"", ""Promote-Coordination""]}"
66-3,2,agent_1: I may not be able to go without the water. I am making a large pot of soup with homemade bread.,Describe-Need,"[0, 0, 1, 0, 0, 0, 0, 0, 0]","['Describe-Need', 'Undermine-Requirements']","[0, 0, 1, 0, 0, 0, 0, 0, 1]","{""intents"": [""Describe-Need"", ""Undermine-Requirements""]}"
149-2,1,"agent_1: Haha, makes sense. I'm also interested in food. What if I take 2 waters and 1 food, and you take 1 water and 2 food?","Describe-Need,Show-Empathy","[0, 0, 1, 0, 0, 0, 0, 1, 0]","['Describe-Need', 'Promote-Coordination']","[0, 0, 1, 0, 0, 0, 1, 0, 0]","{""intents"": [""Describe-Need"", ""Promote-Coordination""]}"
149-2,2,agent_2: I would be okay with that if I could also have all of the firewood. It seems fair since you will be getting the most water. Would that work for you?,Callout-Fairness,"[0, 1, 0, 0, 0, 0, 0, 0, 0]","['Callout-Fairness', 'Promote-Coordination']","[0, 1, 0, 0, 0, 0, 1, 0, 0]","{""intents"": [""Callout-Fairness"", ""Promote-Coordination""]}"
158-5,1,"agent_2: Okay, how about I get 1 food, three water, and 1 firewood?",No-Intention,"[0, 0, 0, 0, 1, 0, 0, 0, 0]",['Promote-Coordination'],"[0, 0, 0, 0, 0, 0, 1, 0, 0]","{""intents"": [""Promote-Coordination""]}"
158-5,2,agent_1: okay that works for me,No-Intention,"[0, 0, 0, 0, 1, 0, 0, 0, 0]",['Promote-Coordination'],"[0, 0, 0, 0, 0, 0, 1, 0, 0]","{""intents"": [""Promote-Coordination""]}"
561-4,1,"agent_1: its fun, pregnancy cravings🙂",Build-Rapport,"[1, 0, 0, 0, 0, 0, 0, 0, 0]","['Build-Rapport', 'Show-Empathy']","[1, 0, 0, 0, 0, 0, 0, 1, 0]","{""intents"": [""Build-Rapport"", ""Show-Empathy""]}"
561-4,2,agent_2: ahh I see. respect!,Build-Rapport,"[1, 0, 0, 0, 0, 0, 0, 0, 0]","['Build-Rapport', 'Show-Empathy']","[1, 0, 0, 0, 0, 0, 0, 1, 0]","{""intents"": [""Build-Rapport"", ""Show-Empathy""]}"
19-0,1,agent_2: Hello there,No-Intention,"[0, 0, 0, 0, 1, 0, 0, 0, 0]",['Build-Rapport'],"[1, 0, 0, 0, 0, 0, 0, 0, 0]","{""intents"": [""Build-Rapport""]}"
19-0,2,agent_1: Hello. How are you?,Build-Rapport,"[1, 0, 0, 0, 0, 0, 0, 0, 0]",['Build-Rapport'],"[1, 0, 0, 0, 0, 0, 0, 0, 0]","{""intents"": [""Build-Rapport""]}"
601-2,1,"agent_2: Unfortunately, we have some dietary restrictions of our own with my youngest and her Type 2 diabetes.  The firewood is pretty crucial to our plans, though I might have some wiggle room on the food.","Describe-Need,Promote-Coordination","[0, 0, 1, 0, 0, 0, 1, 0, 0]","['Describe-Need', 'Show-Empathy', 'Promote-Coordination']","[0, 0, 1, 0, 0, 0, 1, 1, 0]","{""intents"": [""Describe-Need"", ""Show-Empathy"", ""Promote-Coordination""]}"
601-2,2,agent_1: I might need to walk away.,No-Intention,"[0, 0, 0, 0, 1, 0, 0, 0, 0]","['No-Need', 'Undermine-Requirements']","[0, 0, 0, 0, 0, 1, 0, 0, 1]","{""intents"": [""No-Need"", ""Undermine-Requirements""]}"
136-3,1,"agent_2: Oh ok, I don't need water at all. I usually just get it from running streams",No-Need,"[0, 0, 0, 0, 0, 1, 0, 0, 0]","['Describe-Need', 'Discover-Preference']","[0, 0, 1, 1, 0, 0, 0, 0, 0]","{""intents"": [""Describe-Need"", ""Discover-Preference""]}"
136-3,2,"agent_1: can i get 3 water, 2 food and you will get all the firewood?",No-Intention,"[0, 0, 0, 0, 1, 0, 0, 0, 0]","['Describe-Need', 'Promote-Coordination']","[0, 0, 1, 0, 0, 0, 1, 0, 0]","{""intents"": [""Describe-Need"", ""Promote-Coordination""]}"
590-0,1,"agent_2: Hello! I would like make a deal with you on firewood, water and food! Are you interested in any items ?",Discover-Preference,"[0, 0, 0, 1, 0, 0, 0, 0, 0]","['Describe-Need', 'Discover-Preference', 'Promote-Coordination']","[0, 0, 1, 1, 0, 0, 1, 0, 0]","{""intents"": [""Describe-Need"", ""Discover-Preference"", ""Promote-Coordination""]}"
590-0,2,"agent_1: Yes, I'd definitely be interested. How are you doing?",Build-Rapport,"[1, 0, 0, 0, 0, 0, 0, 0, 0]","['Build-Rapport', 'Discover-Preference']","[1, 0, 0, 1, 0, 0, 0, 0, 0]","{""intents"": [""Build-Rapport"", ""Discover-Preference""]}"
503-3,1,"agent_1: Okay, but water is important to me because I have health issues. So I drink more water for save my health.",Describe-Need,"[0, 0, 1, 0, 0, 0, 0, 0, 0]","['Describe-Need', 'Show-Empathy']","[0, 0, 1, 0, 0, 0, 0, 1, 0]","{""intents"": [""Describe-Need"", ""Show-Empathy""]}"
503-3,2,agent_2: Okay! You can have all the water. I want all the food.,No-Intention,"[0, 0, 0, 0, 1, 0, 0, 0, 0]","['Promote-Coordination', 'Discover-Preference']","[0, 0, 0, 1, 0, 0, 1, 0, 0]","{""intents"": [""Promote-Coordination"", ""Discover-Preference""]}"
150-4,1,agent_1: I think we will be ok.  I'm more worried about the heat.  You can submit the deal if you want.,Build-Rapport,"[1, 0, 0, 0, 0, 0, 0, 0, 0]","['Promote-Coordination', 'Show-Empathy']","[0, 0, 0, 0, 0, 0, 1, 1, 0]","{""intents"": [""Promote-Coordination"", ""Show-Empathy""]}"
150-4,2,agent_2: Have a great camping trip! Nice meeting you!,Build-Rapport,"[1, 0, 0, 0, 0, 0, 0, 0, 0]","['Build-Rapport', 'Show-Empathy']","[1, 0, 0, 0, 0, 0, 0, 1, 0]","{""intents"": [""Build-Rapport"", ""Show-Empathy""]}"
524-2,1,agent_2: Yup I have water but need firewood to keep warm. My trip is going to be cold.,Describe-Need,"[0, 0, 1, 0, 0, 0, 0, 0, 0]",['Describe-Need'],"[0, 0, 1, 0, 0, 0, 0, 0, 0]","{""intents"": [""Describe-Need""]}"
524-2,2,"agent_1: You can have all the firewood you need! I need a bit of extra food too. Would you consider 3 water, 2 food, and 0 wood for me?",No-Intention,"[0, 0, 0, 0, 1, 0, 0, 0, 0]","['Describe-Need', 'Promote-Coordination']","[0, 0, 1, 0, 0, 0, 1, 0, 0]","{""intents"": [""Describe-Need"", ""Promote-Coordination""]}"
191-1,1,"agent_2: hmmm, well what are you looking to get",Discover-Preference,"[0, 0, 0, 1, 0, 0, 0, 0, 0]",['Discover-Preference'],"[0, 0, 0, 1, 0, 0, 0, 0, 0]","{""intents"": [""Discover-Preference""]}"
191-1,2,"agent_1: Well, I think that for us staying warm is more important than having extra food. What if I took extra fire wood and you took extra food?",Describe-Need,"[0, 0, 1, 0, 0, 0, 0, 0, 0]","['Describe-Need', 'Promote-Coordination']","[0, 0, 1, 0, 0, 0, 1, 0, 0]","{""intents"": [""Describe-Need"", ""Promote-Coordination""]}"
4-4,1,agent_2: I'm glad we could come to a compromise 🙂,Promote-Coordination,"[0, 0, 0, 0, 0, 0, 1, 0, 0]","['Build-Rapport', 'Callout-Fairness', 'Show-Empathy']","[1, 1, 0, 0, 0, 0, 0, 1, 0]","{""intents"": [""Build-Rapport"", ""Callout-Fairness"", ""Show-Empathy""]}"
4-4,2,agent_1: Me too 🙂 Thanks for making it easy and pleasant. ,No-Intention,"[0, 0, 0, 0, 1, 0, 0, 0, 0]","['Build-Rapport', 'Show-Empathy']","[1, 0, 0, 0, 0, 0, 0, 1, 0]","{""intents"": [""Build-Rapport"", ""Show-Empathy""]}"
109-2,1,"agent_1: Hmm I think I should take 2 food, 1 firewood, and 3 water. What do you think?",No-Intention,"[0, 0, 0, 0, 1, 0, 0, 0, 0]","['Describe-Need', 'Promote-Coordination']","[0, 0, 1, 0, 0, 0, 1, 0, 0]","{""intents"": [""Describe-Need"", ""Promote-Coordination""]}"
109-2,2,agent_2: Is your first priority the water?  I'm definitely willing to split up by what is most important to us both.,"Callout-Fairness,Discover-Preference","[0, 1, 0, 1, 0, 0, 0, 0, 0]","['Discover-Preference', 'Promote-Coordination']","[0, 0, 0, 1, 0, 0, 1, 0, 0]","{""intents"": [""Discover-Preference"", ""Promote-Coordination""]}"
505-5,1,agent_2: Could I trade one firewood for another food?,Callout-Fairness,"[0, 1, 0, 0, 0, 0, 0, 0, 0]","['Promote-Coordination', 'Undermine-Requirements']","[0, 0, 0, 0, 0, 0, 1, 0, 1]","{""intents"": [""Promote-Coordination"", ""Undermine-Requirements""]}"
505-5,2,"agent_1: no, food is the top priority for me",None,"[0, 0, 0, 0, 0, 0, 0, 0, 0]","['Describe-Need', 'Undermine-Requirements']","[0, 0, 1, 0, 0, 0, 0, 0, 1]","{""intents"": [""Describe-Need"", ""Undermine-Requirements""]}"
450-5,1,agent_1: That's why I would like to give you 2 and I will take 1 food.  I have 8 and 10 year old boys.🙂,"Callout-Fairness,Describe-Need","[0, 1, 1, 0, 0, 0, 0, 0, 0]","['Describe-Need', 'Show-Empathy']","[0, 0, 1, 0, 0, 0, 0, 1, 0]","{""intents"": [""Describe-Need"", ""Show-Empathy""]}"
450-5,2,"agent_2: I'm interested in hearing more about why you want a 2/1 split: Is the food worth more to you than the third firewood? If so, I'm happy to do that split, but I'd like 3 water in return.","Discover-Preference,Promote-Coordination","[0, 0, 0, 1, 0, 0, 1, 0, 0]","['Discover-Preference', 'Callout-Fairness']","[0, 1, 0, 1, 0, 0, 0, 0, 0]","{""intents"": [""Discover-Preference"", ""Callout-Fairness""]}"
191-0,1,"agent_2: Hello, I'm hopping I could grab most of the food, I have a lot of hungry mouths to feed.",Describe-Need,"[0, 0, 1, 0, 0, 0, 0, 0, 0]","['Describe-Need', 'Show-Empathy']","[0, 0, 1, 0, 0, 0, 0, 1, 0]","{""intents"": [""Describe-Need"", ""Show-Empathy""]}"
191-0,2,agent_1: Hi - I can understand that. I have quite a few mouths to feed as well,"Describe-Need,Show-Empathy","[0, 0, 1, 0, 0, 0, 0, 1, 0]","['Build-Rapport', 'Show-Empathy']","[1, 0, 0, 0, 0, 0, 0, 1, 0]","{""intents"": [""Build-Rapport"", ""Show-Empathy""]}"
106-2,1,"agent_1: Well, I'm camping up on a snowy mountain and I gave some of my food away to hikers who were passing me and were very tired and hungry, so I'd really like to get some more food. Firewood would be useful too, although I do have a thick coat and a sleeping bag. I plan on melting the snow to get water, so I don't think I'll need that too much. And you?","Describe-Need,Discover-Preference,No-Need","[0, 0, 1, 1, 0, 1, 0, 0, 0]","['Describe-Need', 'Promote-Coordination']","[0, 0, 1, 0, 0, 0, 1, 0, 0]","{""intents"": [""Describe-Need"", ""Promote-Coordination""]}"
106-2,2,"agent_2: I have the same needs. I have a low metabolism, so I need food and firewood to keep me warm and energized. Water I plan on filtering elsewhere.","Describe-Need,No-Need","[0, 0, 1, 0, 0, 1, 0, 0, 0]","['Describe-Need', 'Promote-Coordination']","[0, 0, 1, 0, 0, 0, 1, 0, 0]","{""intents"": [""Describe-Need"", ""Promote-Coordination""]}"
146-6,1,"agent_1: Oops, I guess we are jumping the gun! I don't see a problem with that. You are welcome to one of the firewood and water 🙂",No-Intention,"[0, 0, 0, 0, 1, 0, 0, 0, 0]","['Build-Rapport', 'Promote-Coordination', 'Show-Empathy']","[1, 0, 0, 0, 0, 0, 1, 1, 0]","{""intents"": [""Build-Rapport"", ""Promote-Coordination"", ""Show-Empathy""]}"
146-6,2,agent_2: I think two packages of food would work for me.,None,"[0, 0, 0, 0, 0, 0, 0, 0, 0]","['Describe-Need', 'Promote-Coordination']","[0, 0, 1, 0, 0, 0, 1, 0, 0]","{""intents"": [""Describe-Need"", ""Promote-Coordination""]}"
448-1,1,"agent_1: awesome, you can have 3 water and i'll take 3 food?",No-Intention,"[0, 0, 0, 0, 1, 0, 0, 0, 0]",['Promote-Coordination'],"[0, 0, 0, 0, 0, 0, 1, 0, 0]","{""intents"": [""Promote-Coordination""]}"
448-1,2,agent_2: 🙂 I am fine with it. How about the firewood?,No-Intention,"[0, 0, 0, 0, 1, 0, 0, 0, 0]","['Build-Rapport', 'Promote-Coordination']","[1, 0, 0, 0, 0, 0, 1, 0, 0]","{""intents"": [""Build-Rapport"", ""Promote-Coordination""]}"
72-3,1,"agent_1: okay fine. i need 3 pack of firewood, 2 pack of water and 1 pack of food. What about you?",No-Intention,"[0, 0, 0, 0, 1, 0, 0, 0, 0]","['Describe-Need', 'Promote-Coordination']","[0, 0, 1, 0, 0, 0, 1, 0, 0]","{""intents"": [""Describe-Need"", ""Promote-Coordination""]}"
72-3,2,"agent_2: Oooh, I have only 2 pack water and 1 pack food also! But you can take fire wood it is no problem to me ",No-Intention,"[0, 0, 0, 0, 1, 0, 0, 0, 0]","['Promote-Coordination', 'Describe-Need']","[0, 0, 1, 0, 0, 0, 1, 0, 0]","{""intents"": [""Promote-Coordination"", ""Describe-Need""]}"
65-4,1,"agent_1: Yeah, That would be ok with me.  That ends up with 2 food, 1 wood and 2 water for me and the rest for you?🙂",No-Intention,"[0, 0, 0, 0, 1, 0, 0, 0, 0]","['Callout-Fairness', 'Promote-Coordination']","[0, 1, 0, 0, 0, 0, 1, 0, 0]","{""intents"": [""Callout-Fairness"", ""Promote-Coordination""]}"
65-4,2,agent_2: Yep. 🙂 I hope you have a great trip!,Build-Rapport,"[1, 0, 0, 0, 0, 0, 0, 0, 0]","['Build-Rapport', 'Show-Empathy']","[1, 0, 0, 0, 0, 0, 0, 1, 0]","{""intents"": [""Build-Rapport"", ""Show-Empathy""]}"
477-4,1,"agent_1: no, at the most i can do is i get 2 water, 2 food and 0 firewood or I get 1 water, 3 food and 1 firewood","Callout-Fairness,Promote-Coordination","[0, 1, 0, 0, 0, 0, 1, 0, 0]","['Describe-Need', 'Undermine-Requirements']","[0, 0, 1, 0, 0, 0, 0, 0, 1]","{""intents"": [""Describe-Need"", ""Undermine-Requirements""]}"
477-4,2,"agent_2: But you get everything you wanted. You said you needed 3 water, I offered it to you.",Callout-Fairness,"[0, 1, 0, 0, 0, 0, 0, 0, 0]","['Callout-Fairness', 'Undermine-Requirements']","[0, 1, 0, 0, 0, 0, 0, 0, 1]","{""intents"": [""Callout-Fairness"", ""Undermine-Requirements""]}"
68-5,1,"agent_1: Oh yeah, it's really dry here.  I sort of prefer that.  I haven't been in humidity much but it's so gross feeling.  Corgis are adorable!  Okay, I think we're ready to make a deal.  It was so nice chatting with you!",Build-Rapport,"[1, 0, 0, 0, 0, 0, 0, 0, 0]","['Build-Rapport', 'Promote-Coordination']","[1, 0, 0, 0, 0, 0, 1, 0, 0]","{""intents"": [""Build-Rapport"", ""Promote-Coordination""]}"
68-5,2,"agent_2: Same here! Thanks for your cooperation. It was so nice to chat with you. Stay safe, well AND cool!",Build-Rapport,"[1, 0, 0, 0, 0, 0, 0, 0, 0]","['Build-Rapport', 'Show-Empathy']","[1, 0, 0, 0, 0, 0, 0, 1, 0]","{""intents"": [""Build-Rapport"", ""Show-Empathy""]}"
463-3,1,"agent_1: That is so nice of you. Being that you have family, you might need more firewood for cooking for the crew! Do you agree? And how many kids are you traveling with? ",Build-Rapport,"[1, 0, 0, 0, 0, 0, 0, 0, 0]","['Build-Rapport', 'Show-Empathy', 'Discover-Preference', 'Promote-Coordination']","[1, 0, 0, 1, 0, 0, 1, 1, 0]","{""intents"": [""Build-Rapport"", ""Show-Empathy"", ""Discover-Preference"", ""Promote-Coordination""]}"
463-3,2,agent_2: I have 2 kids and want to make sure they stay warm.  The firewood will go a long way in keeping them comfortable.,Describe-Need,"[0, 0, 1, 0, 0, 0, 0, 0, 0]","['Describe-Need', 'Show-Empathy']","[0, 0, 1, 0, 0, 0, 0, 1, 0]","{""intents"": [""Describe-Need"", ""Show-Empathy""]}"
452-4,1,agent_2: I guess that works out good because I need firewood to cook the extra food,Describe-Need,"[0, 0, 1, 0, 0, 0, 0, 0, 0]","['Describe-Need', 'Promote-Coordination']","[0, 0, 1, 0, 0, 0, 1, 0, 0]","{""intents"": [""Describe-Need"", ""Promote-Coordination""]}"
452-4,2,"agent_1: I get it as you will be having additional packages of food, so I will have only 1 of each",No-Intention,"[0, 0, 0, 0, 1, 0, 0, 0, 0]","['Promote-Coordination', 'Show-Empathy']","[0, 0, 0, 0, 0, 0, 1, 1, 0]","{""intents"": [""Promote-Coordination"", ""Show-Empathy""]}"
181-0,1,agent_1: Hello! I'm packing for my camping adventure.,Build-Rapport,"[1, 0, 0, 0, 0, 0, 0, 0, 0]","['Build-Rapport', 'Describe-Need']","[1, 0, 1, 0, 0, 0, 0, 0, 0]","{""intents"": [""Build-Rapport"", ""Describe-Need""]}"
181-0,2,agent_2: I am too.  I am so looking forward to this.  ,Build-Rapport,"[1, 0, 0, 0, 0, 0, 0, 0, 0]","['Build-Rapport', 'Show-Empathy']","[1, 0, 0, 0, 0, 0, 0, 1, 0]","{""intents"": [""Build-Rapport"", ""Show-Empathy""]}"
31-0,1,"agent_2: Hello, how is your camping trip going?",Build-Rapport,"[1, 0, 0, 0, 0, 0, 0, 0, 0]","['Build-Rapport', 'Show-Empathy']","[1, 0, 0, 0, 0, 0, 0, 1, 0]","{""intents"": [""Build-Rapport"", ""Show-Empathy""]}"
31-0,2,"agent_1: Hi there.  Hoping it'll be good, and yours as well.  I was hoping we could negotiate so I could get this extra water - I was planning on this being a hiking trip and it's pretty warm and humid out, so I imagine I'll need it.","Build-Rapport,Describe-Need","[1, 0, 1, 0, 0, 0, 0, 0, 0]","['Build-Rapport', 'Describe-Need', 'Promote-Coordination']","[1, 0, 1, 0, 0, 0, 1, 0, 0]","{""intents"": [""Build-Rapport"", ""Describe-Need"", ""Promote-Coordination""]}"
530-3,1,agent_2: After talking it over the boys I think with can go with 2 water 1 food and 2 firewood🙂,No-Intention,"[0, 0, 0, 0, 1, 0, 0, 0, 0]","['Describe-Need', 'Promote-Coordination']","[0, 0, 1, 0, 0, 0, 1, 0, 0]","{""intents"": [""Describe-Need"", ""Promote-Coordination""]}"
530-3,2,agent_1: sounds good want to submit?,No-Intention,"[0, 0, 0, 0, 1, 0, 0, 0, 0]",['Promote-Coordination'],"[0, 0, 0, 0, 0, 0, 1, 0, 0]","{""intents"": [""Promote-Coordination""]}"
583-3,1,agent_1: I would need 2 food if you keep all the firewood. It would make it easier on me cooking wise since I'll have to look for wood,"Describe-Need,Promote-Coordination","[0, 0, 1, 0, 0, 0, 1, 0, 0]","['Describe-Need', 'Callout-Fairness']","[0, 1, 1, 0, 0, 0, 0, 0, 0]","{""intents"": [""Describe-Need"", ""Callout-Fairness""]}"
583-3,2,"agent_2: OK, that is fair.  So I would get 3 firewood, 1 water and 1 food and you would get 0 firewood, 2 food and 2 water.",Callout-Fairness,"[0, 1, 0, 0, 0, 0, 0, 0, 0]","['Callout-Fairness', 'Promote-Coordination']","[0, 1, 0, 0, 0, 0, 1, 0, 0]","{""intents"": [""Callout-Fairness"", ""Promote-Coordination""]}"
87-1,1,"agent_2: So in order to fully enjoy my on this trip while surviving, I will require mass quantities of food.",Describe-Need,"[0, 0, 1, 0, 0, 0, 0, 0, 0]",['Describe-Need'],"[0, 0, 1, 0, 0, 0, 0, 0, 0]","{""intents"": [""Describe-Need""]}"
87-1,2,agent_1: k i need food as first priority,No-Intention,"[0, 0, 0, 0, 1, 0, 0, 0, 0]","['Describe-Need', 'Promote-Coordination']","[0, 0, 1, 0, 0, 0, 1, 0, 0]","{""intents"": [""Describe-Need"", ""Promote-Coordination""]}"
476-4,1,"agent_1: Great! so, for you, 2 wood, 1 food, me 3 water 2 food",No-Intention,"[0, 0, 0, 0, 1, 0, 0, 0, 0]","['Promote-Coordination', 'Describe-Need']","[0, 0, 1, 0, 0, 0, 1, 0, 0]","{""intents"": [""Promote-Coordination"", ""Describe-Need""]}"
476-4,2,agent_2: 3 wood is what i thought the deal was,No-Intention,"[0, 0, 0, 0, 1, 0, 0, 0, 0]","['Callout-Fairness', 'Undermine-Requirements']","[0, 1, 0, 0, 0, 0, 0, 0, 1]","{""intents"": [""Callout-Fairness"", ""Undermine-Requirements""]}"
56-2,1,"agent_1: 😮Sound good enough but since you know i can not do without having anything to sustain me whenever i am thirsty then i suggest you are free to take TWO of the water and since your food has also been stolen by bears and you don't make much left, then you can have the TWO of the food items too and leave the THREE firewood for me with ONE food. How does that sound? 🙂",Show-Empathy,"[0, 0, 0, 0, 0, 0, 0, 1, 0]","['Promote-Coordination', 'Show-Empathy', 'Describe-Need']","[0, 0, 1, 0, 0, 0, 1, 1, 0]","{""intents"": [""Promote-Coordination"", ""Show-Empathy"", ""Describe-Need""]}"
56-2,2,agent_2: I think we are getting very close to a good deal. Would you be willing to give me ONE firewood in case the stuff I have gets wet?,"Describe-Need,Promote-Coordination","[0, 0, 1, 0, 0, 0, 1, 0, 0]","['Build-Rapport', 'Promote-Coordination']","[1, 0, 0, 0, 0, 0, 1, 0, 0]","{""intents"": [""Build-Rapport"", ""Promote-Coordination""]}"
594-4,1,"agent_1: I understand.  So we have came to an agreement that I get 2 water, 1 firewood, and 1 food, is that right?",No-Intention,"[0, 0, 0, 0, 1, 0, 0, 0, 0]","['Promote-Coordination', 'Build-Rapport']","[1, 0, 0, 0, 0, 0, 1, 0, 0]","{""intents"": [""Promote-Coordination"", ""Build-Rapport""]}"
594-4,2,"agent_2: Yeah, that sounds good to me. Thanks for being understanding. I hope your camping trip goes well.",Build-Rapport,"[1, 0, 0, 0, 0, 0, 0, 0, 0]","['Build-Rapport', 'Show-Empathy', 'Promote-Coordination']","[1, 0, 0, 0, 0, 0, 1, 1, 0]","{""intents"": [""Build-Rapport"", ""Show-Empathy"", ""Promote-Coordination""]}"
420-2,1,"agent_1: Hmm, I need food too. I am willing to split. I will give you 2 food since you claimed it first. Can I have 2 waters then?",Promote-Coordination,"[0, 0, 0, 0, 0, 0, 1, 0, 0]","['Callout-Fairness', 'Describe-Need', 'Promote-Coordination']","[0, 1, 1, 0, 0, 0, 1, 0, 0]","{""intents"": [""Callout-Fairness"", ""Describe-Need"", ""Promote-Coordination""]}"
420-2,2,"agent_2: That's fair, but I have wiggle room on the water, how about I take two food, two firewood and you take 3 water, 1 food, 1 firewood?",Callout-Fairness,"[0, 1, 0, 0, 0, 0, 0, 0, 0]","['Callout-Fairness', 'Promote-Coordination']","[0, 1, 0, 0, 0, 0, 1, 0, 0]","{""intents"": [""Callout-Fairness"", ""Promote-Coordination""]}"
465-4,1,"agent_2: It really wouldn't do the job that well at all.  You could always prepare hot cocoa or use your share of the food to make a warm stew.  I really do need at least the two firewood and a couple of food.  You can have all the water to make a hearty and hot stew to get your through the night, though.",Undermine-Requirements,"[0, 0, 0, 0, 0, 0, 0, 0, 1]","['Describe-Need', 'Promote-Coordination']","[0, 0, 1, 0, 0, 0, 1, 0, 0]","{""intents"": [""Describe-Need"", ""Promote-Coordination""]}"
465-4,2,agent_1: I can't eat much anyway because of the health issues. You could have all of the food if I could get the extra firewood. That would still give you an extra firewood in addition to the basic supply and lots of extra food for your party. I'm sure they would love having some of the stew you mentioned.,"Promote-Coordination,Undermine-Requirements","[0, 0, 0, 0, 0, 0, 1, 0, 1]","['Describe-Need', 'Promote-Coordination', 'Show-Empathy']","[0, 0, 1, 0, 0, 0, 1, 1, 0]","{""intents"": [""Describe-Need"", ""Promote-Coordination"", ""Show-Empathy""]}"
612-1,1,agent_2: I'm excited for camping! We have these extra items. What do you need most of?,"Build-Rapport,Discover-Preference","[1, 0, 0, 1, 0, 0, 0, 0, 0]","['Build-Rapport', 'Discover-Preference', 'Promote-Coordination']","[1, 0, 0, 1, 0, 0, 1, 0, 0]","{""intents"": [""Build-Rapport"", ""Discover-Preference"", ""Promote-Coordination""]}"
612-1,2,"agent_1: I could use 1 pack of water, food and firewood.",No-Intention,"[0, 0, 0, 0, 1, 0, 0, 0, 0]","['Describe-Need', 'Promote-Coordination']","[0, 0, 1, 0, 0, 0, 1, 0, 0]","{""intents"": [""Describe-Need"", ""Promote-Coordination""]}"
132-3,1,agent_2: okay is 2 food 1 firewood okay for you while i get 1 food 2 firewood and 3 water,No-Intention,"[0, 0, 0, 0, 1, 0, 0, 0, 0]","['Promote-Coordination', 'Discover-Preference']","[0, 0, 0, 1, 0, 0, 1, 0, 0]","{""intents"": [""Promote-Coordination"", ""Discover-Preference""]}"
132-3,2,"agent_1: I'm going to need some water as well. How about 2 food, 2 water and 0 firewood for me?",Describe-Need,"[0, 0, 1, 0, 0, 0, 0, 0, 0]","['Describe-Need', 'Discover-Preference', 'Promote-Coordination']","[0, 0, 1, 1, 0, 0, 1, 0, 0]","{""intents"": [""Describe-Need"", ""Discover-Preference"", ""Promote-Coordination""]}"
