dialogue_id,agent,gold_desire,pred,desire_em,raw_response
78-1,agent_1,"{'Low': 'Food', 'High': 'Water', 'Medium': 'Firewood'}","{'high': 'Food', 'medium': 'Water', 'low': 'Firewood'}",0,"{""high"": ""Food"", ""medium"": ""Water"", ""low"": ""Firewood""}"
78-1,agent_2,"{'High': 'Food', 'Medium': 'Water', 'Low': 'Firewood'}","{'high': 'Food', 'medium': 'Water', 'low': 'Firewood'}",1,"{""high"": ""Food"", ""medium"": ""Water"", ""low"": ""Firewood""}"
18-3,agent_1,"{'High': 'Food', 'Medium': 'Water', 'Low': 'Firewood'}","{'high': 'firewood', 'medium': 'food', 'low': 'water'}",0,"{""high"": ""firewood"", ""medium"": ""food"", ""low"": ""water""}"
18-3,agent_2,"{'Low': 'Food', 'Medium': 'Water', 'High': 'Firewood'}","{'high': 'firewood', 'medium': 'water', 'low': 'food'}",1,"{""high"": ""firewood"", ""medium"": ""water"", ""low"": ""food""}"
188-1,agent_1,"{'High': 'Food', 'Medium': 'Water', 'Low': 'Firewood'}","{'high': 'food', 'medium': 'water', 'low': 'firewood'}",1,"{""high"": ""food"", ""medium"": ""water"", ""low"": ""firewood""}"
188-1,agent_2,"{'High': 'Food', 'Medium': 'Water', 'Low': 'Firewood'}","{'high': 'Water', 'medium': 'Food', 'low': 'Firewood'}",0,"{""high"": ""Water"", ""medium"": ""Food"", ""low"": ""Firewood""}"
168-0,agent_1,"{'High': 'Food', 'Low': 'Water', 'Medium': 'Firewood'}","{'high': 'Water', 'medium': 'Food', 'low': 'Firewood'}",0,"{""high"": ""Water"", ""medium"": ""Food"", ""low"": ""Firewood""}"
168-0,agent_2,"{'High': 'Food', 'Low': 'Water', 'Medium': 'Firewood'}","{'high': 'Water', 'medium': 'Food', 'low': 'Firewood'}",0,"{""high"": ""Water"", ""medium"": ""Food"", ""low"": ""Firewood""}"
153-1,agent_1,"{'Low': 'Food', 'High': 'Water', 'Medium': 'Firewood'}","{'high': 'Water', 'medium': 'Food', 'low': 'Firewood'}",0,"{""high"": ""Water"", ""medium"": ""Food"", ""low"": ""Firewood""}"
153-1,agent_2,"{'High': 'Food', 'Medium': 'Water', 'Low': 'Firewood'}","{'high': 'Water', 'medium': 'Food', 'low': 'Firewood'}",0,"{""high"": ""Water"", ""medium"": ""Food"", ""low"": ""Firewood""}"
96-3,agent_1,"{'Medium': 'Food', 'High': 'Water', 'Low': 'Firewood'}","{'high': 'Water', 'medium': 'Food', 'low': 'Firewood'}",1,"{""high"": ""Water"", ""medium"": ""Food"", ""low"": ""Firewood""}"
96-3,agent_2,"{'Medium': 'Food', 'High': 'Water', 'Low': 'Firewood'}","{'high': 'water', 'medium': 'food', 'low': 'firewood'}",1,"{""high"": ""water"", ""medium"": ""food"", ""low"": ""firewood""}"
72-4,agent_1,"{'Low': 'Food', 'Medium': 'Water', 'High': 'Firewood'}","{'high': 'firewood', 'medium': 'water', 'low': 'food'}",1,"{""high"": ""firewood"", ""medium"": ""water"", ""low"": ""food""}"
72-4,agent_2,"{'Low': 'Food', 'High': 'Water', 'Medium': 'Firewood'}","{'high': 'firewood', 'medium': 'water', 'low': 'food'}",0,"{""high"": ""firewood"", ""medium"": ""water"", ""low"": ""food""}"
590-1,agent_1,"{'Medium': 'Food', 'Low': 'Water', 'High': 'Firewood'}","{'high': 'Firewood', 'medium': 'Food', 'low': 'Water'}",1,"{""high"": ""Firewood"", ""medium"": ""Food"", ""low"": ""Water""}"
590-1,agent_2,"{'Low': 'Food', 'Medium': 'Water', 'High': 'Firewood'}","{'high': 'Firewood', 'medium': 'Food', 'low': 'Water'}",0,"{""high"": ""Firewood"", ""medium"": ""Food"", ""low"": ""Water""}"
61-8,agent_1,"{'Low': 'Food', 'Medium': 'Water', 'High': 'Firewood'}","{'high': 'Water', 'medium': 'Firewood', 'low': 'Food'}",0,"{""high"": ""Water"", ""medium"": ""Firewood"", ""low"": ""Food""}"
61-8,agent_2,"{'Medium': 'Food', 'Low': 'Water', 'High': 'Firewood'}","{'high': 'food', 'medium': 'water', 'low': 'firewood'}",0,"{""high"": ""food"", ""medium"": ""water"", ""low"": ""firewood""}"
505-2,agent_1,"{'High': 'Food', 'Medium': 'Water', 'Low': 'Firewood'}","{'high': 'Food', 'medium': 'Water', 'low': 'Firewood'}",1,"{""high"": ""Food"", ""medium"": ""Water"", ""low"": ""Firewood""}"
505-2,agent_2,"{'Medium': 'Food', 'High': 'Water', 'Low': 'Firewood'}","{'high': 'water', 'medium': 'food', 'low': 'firewood'}",1,"{""high"": ""water"", ""medium"": ""food"", ""low"": ""firewood""}"
22-3,agent_1,"{'High': 'Food', 'Medium': 'Water', 'Low': 'Firewood'}","{'high': 'food', 'medium': 'water', 'low': 'firewood'}",1,"{""high"": ""food"", ""medium"": ""water"", ""low"": ""firewood""}"
22-3,agent_2,"{'Medium': 'Food', 'Low': 'Water', 'High': 'Firewood'}","{'high': 'food', 'medium': 'firewood', 'low': 'water'}",0,"{""high"": ""food"", ""medium"": ""firewood"", ""low"": ""water""}"
21-1,agent_1,"{'Medium': 'Food', 'Low': 'Water', 'High': 'Firewood'}","{'high': 'Food', 'medium': 'Firewood', 'low': 'Water'}",0,"{""high"": ""Food"", ""medium"": ""Firewood"", ""low"": ""Water""}"
21-1,agent_2,"{'Medium': 'Food', 'Low': 'Water', 'High': 'Firewood'}","{'high': 'Food', 'medium': 'Firewood', 'low': 'Water'}",0,"{""high"": ""Food"", ""medium"": ""Firewood"", ""low"": ""Water""}"
66-3,agent_1,"{'Low': 'Food', 'High': 'Water', 'Medium': 'Firewood'}","{'high': 'water', 'medium': 'food', 'low': 'firewood'}",0,"{""high"": ""water"", ""medium"": ""food"", ""low"": ""firewood""}"
66-3,agent_2,"{'High': 'Food', 'Low': 'Water', 'Medium': 'Firewood'}","{'high': 'Water', 'medium': 'Firewood', 'low': 'Food'}",0,"{""high"": ""Water"", ""medium"": ""Firewood"", ""low"": ""Food""}"
149-2,agent_1,"{'Medium': 'Food', 'High': 'Water', 'Low': 'Firewood'}","{'high': 'water', 'medium': 'food', 'low': 'firewood'}",1,"{""high"": ""water"", ""medium"": ""food"", ""low"": ""firewood""}"
149-2,agent_2,"{'Medium': 'Food', 'High': 'Water', 'Low': 'Firewood'}","{'high': 'food', 'medium': 'water', 'low': 'firewood'}",0,"{""high"": ""food"", ""medium"": ""water"", ""low"": ""firewood""}"
158-5,agent_1,"{'High': 'Food', 'Low': 'Water', 'Medium': 'Firewood'}","{'high': 'food', 'medium': 'water', 'low': 'firewood'}",0,"{""high"": ""food"", ""medium"": ""water"", ""low"": ""firewood""}"
158-5,agent_2,"{'High': 'Food', 'Medium': 'Water', 'Low': 'Firewood'}","{'high': 'water', 'medium': 'food', 'low': 'firewood'}",0,"{""high"": ""water"", ""medium"": ""food"", ""low"": ""firewood""}"
561-4,agent_1,"{'Medium': 'Food', 'Low': 'Water', 'High': 'Firewood'}","{'high': 'food', 'medium': 'firewood', 'low': 'water'}",0,"{""high"": ""food"", ""medium"": ""firewood"", ""low"": ""water""}"
561-4,agent_2,"{'Medium': 'Food', 'High': 'Water', 'Low': 'Firewood'}","{'high': 'water', 'medium': 'food', 'low': 'firewood'}",1,"{""high"": ""water"", ""medium"": ""food"", ""low"": ""firewood""}"
19-0,agent_1,"{'Low': 'Food', 'High': 'Water', 'Medium': 'Firewood'}","{'high': 'Water', 'medium': 'Food', 'low': 'Firewood'}",0,"{""high"": ""Water"", ""medium"": ""Food"", ""low"": ""Firewood""}"
19-0,agent_2,"{'High': 'Food', 'Low': 'Water', 'Medium': 'Firewood'}","{'high': 'Water', 'medium': 'Food', 'low': 'Firewood'}",0,"{""high"": ""Water"", ""medium"": ""Food"", ""low"": ""Firewood""}"
601-2,agent_1,"{'High': 'Food', 'Low': 'Water', 'Medium': 'Firewood'}","{'high': 'firewood', 'medium': 'food', 'low': 'water'}",0,"{""high"": ""firewood"", ""medium"": ""food"", ""low"": ""water""}"
601-2,agent_2,"{'Medium': 'Food', 'Low': 'Water', 'High': 'Firewood'}","{'high': 'firewood', 'medium': 'food', 'low': 'water'}",1,"{""high"": ""firewood"", ""medium"": ""food"", ""low"": ""water""}"
136-3,agent_1,"{'Medium': 'Food', 'High': 'Water', 'Low': 'Firewood'}","{'high': 'water', 'medium': 'food', 'low': 'firewood'}",1,"{""high"": ""water"", ""medium"": ""food"", ""low"": ""firewood""}"
136-3,agent_2,"{'Medium': 'Food', 'Low': 'Water', 'High': 'Firewood'}","{'high': 'firewood', 'medium': 'food', 'low': 'water'}",1,"{""high"": ""firewood"", ""medium"": ""food"", ""low"": ""water""}"
590-0,agent_1,"{'Medium': 'Food', 'Low': 'Water', 'High': 'Firewood'}","{'high': 'Food', 'medium': 'Water', 'low': 'Firewood'}",0,"{""high"": ""Food"", ""medium"": ""Water"", ""low"": ""Firewood""}"
590-0,agent_2,"{'Low': 'Food', 'Medium': 'Water', 'High': 'Firewood'}","{'high': 'firewood', 'medium': 'water', 'low': 'food'}",1,"{""high"": ""firewood"", ""medium"": ""water"", ""low"": ""food""}"
503-3,agent_1,"{'Low': 'Food', 'High': 'Water', 'Medium': 'Firewood'}","{'high': 'Water', 'medium': 'Food', 'low': 'Firewood'}",0,"{""high"": ""Water"", ""medium"": ""Food"", ""low"": ""Firewood""}"
503-3,agent_2,"{'High': 'Food', 'Low': 'Water', 'Medium': 'Firewood'}","{'high': 'Food', 'medium': 'Water', 'low': 'Firewood'}",0,"{""high"": ""Food"", ""medium"": ""Water"", ""low"": ""Firewood""}"
150-4,agent_1,"{'Medium': 'Food', 'High': 'Water', 'Low': 'Firewood'}","{'high': 'Water', 'medium': 'Food', 'low': 'Firewood'}",1,"{""high"": ""Water"", ""medium"": ""Food"", ""low"": ""Firewood""}"
150-4,agent_2,"{'Medium': 'Food', 'High': 'Water', 'Low': 'Firewood'}","{'high': 'Water', 'medium': 'Food', 'low': 'Firewood'}",1,"{""high"": ""Water"", ""medium"": ""Food"", ""low"": ""Firewood""}"
524-2,agent_1,"{'Medium': 'Food', 'High': 'Water', 'Low': 'Firewood'}","{'high': 'water', 'medium': 'food', 'low': 'firewood'}",1,"{""high"": ""water"", ""medium"": ""food"", ""low"": ""firewood""}"
524-2,agent_2,"{'Medium': 'Food', 'Low': 'Water', 'High': 'Firewood'}","{'high': 'firewood', 'medium': 'water', 'low': 'food'}",0,"{""high"": ""firewood"", ""medium"": ""water"", ""low"": ""food""}"
191-1,agent_1,"{'Low': 'Food', 'Medium': 'Water', 'High': 'Firewood'}","{'high': 'Firewood', 'medium': 'Food', 'low': 'Water'}",0,"{""high"": ""Firewood"", ""medium"": ""Food"", ""low"": ""Water""}"
191-1,agent_2,"{'High': 'Food', 'Medium': 'Water', 'Low': 'Firewood'}","{'high': 'Food', 'medium': 'Firewood', 'low': 'Water'}",0,"{""high"": ""Food"", ""medium"": ""Firewood"", ""low"": ""Water""}"
4-4,agent_1,"{'High': 'Food', 'Low': 'Water', 'Medium': 'Firewood'}","{'high': 'food', 'medium': 'water', 'low': 'firewood'}",0,"{""high"": ""food"", ""medium"": ""water"", ""low"": ""firewood""}"
4-4,agent_2,"{'High': 'Food', 'Low': 'Water', 'Medium': 'Firewood'}","{'high': 'food', 'medium': 'firewood', 'low': 'water'}",1,"{""high"": ""food"", ""medium"": ""firewood"", ""low"": ""water""}"
109-2,agent_1,"{'High': 'Food', 'Low': 'Water', 'Medium': 'Firewood'}","{'high': 'water', 'medium': 'food', 'low': 'firewood'}",0,"{""high"": ""water"", ""medium"": ""food"", ""low"": ""firewood""}"
109-2,agent_2,"{'Medium': 'Food', 'Low': 'Water', 'High': 'Firewood'}","{'high': 'water', 'medium': 'food', 'low': 'firewood'}",0,"{""high"": ""water"", ""medium"": ""food"", ""low"": ""firewood""}"
505-5,agent_1,"{'High': 'Food', 'Medium': 'Water', 'Low': 'Firewood'}","{'high': 'Food', 'medium': 'Water', 'low': 'Firewood'}",1,"{""high"": ""Food"", ""medium"": ""Water"", ""low"": ""Firewood""}"
505-5,agent_2,"{'Medium': 'Food', 'High': 'Water', 'Low': 'Firewood'}","{'high': 'water', 'medium': 'food', 'low': 'firewood'}",1,"{""high"": ""water"", ""medium"": ""food"", ""low"": ""firewood""}"
450-5,agent_1,"{'Medium': 'Food', 'Low': 'Water', 'High': 'Firewood'}","{'high': 'firewood', 'medium': 'food', 'low': 'water'}",1,"{""high"": ""firewood"", ""medium"": ""food"", ""low"": ""water""}"
450-5,agent_2,"{'High': 'Food', 'Low': 'Water', 'Medium': 'Firewood'}","{'high': 'Food', 'medium': 'Water', 'low': 'Firewood'}",0,"{""high"": ""Food"", ""medium"": ""Water"", ""low"": ""Firewood""}"
191-0,agent_1,"{'Low': 'Food', 'Medium': 'Water', 'High': 'Firewood'}","{'high': 'Water', 'medium': 'Firewood', 'low': 'Food'}",0,"{""high"": ""Water"", ""medium"": ""Firewood"", ""low"": ""Food""}"
191-0,agent_2,"{'High': 'Food', 'Medium': 'Water', 'Low': 'Firewood'}","{'high': 'Food', 'medium': 'Water', 'low': 'Firewood'}",1,"{""high"": ""Food"", ""medium"": ""Water"", ""low"": ""Firewood""}"
106-2,agent_1,"{'High': 'Food', 'Low': 'Water', 'Medium': 'Firewood'}","{'high': 'Food', 'medium': 'Firewood', 'low': 'Water'}",1,"{""high"": ""Food"", ""medium"": ""Firewood"", ""low"": ""Water""}"
106-2,agent_2,"{'Medium': 'Food', 'Low': 'Water', 'High': 'Firewood'}","{'high': 'Food', 'medium': 'Firewood', 'low': 'Water'}",0,"{""high"": ""Food"", ""medium"": ""Firewood"", ""low"": ""Water""}"
146-6,agent_1,"{'High': 'Food', 'Low': 'Water', 'Medium': 'Firewood'}","{'high': 'food', 'medium': 'water', 'low': 'firewood'}",0,"{""high"": ""food"", ""medium"": ""water"", ""low"": ""firewood""}"
146-6,agent_2,"{'Low': 'Food', 'High': 'Water', 'Medium': 'Firewood'}","{'high': 'water', 'medium': 'food', 'low': 'firewood'}",0,"{""high"": ""water"", ""medium"": ""food"", ""low"": ""firewood""}"
448-1,agent_1,"{'High': 'Food', 'Low': 'Water', 'Medium': 'Firewood'}","{'high': 'Food', 'medium': 'Water', 'low': 'Firewood'}",0,"{""high"": ""Food"", ""medium"": ""Water"", ""low"": ""Firewood""}"
448-1,agent_2,"{'Low': 'Food', 'High': 'Water', 'Medium': 'Firewood'}","{'high': 'water', 'medium': 'food', 'low': 'firewood'}",0,"{""high"": ""water"", ""medium"": ""food"", ""low"": ""firewood""}"
72-3,agent_1,"{'Low': 'Food', 'Medium': 'Water', 'High': 'Firewood'}","{'high': 'firewood', 'medium': 'water', 'low': 'food'}",1,"{""high"": ""firewood"", ""medium"": ""water"", ""low"": ""food""}"
72-3,agent_2,"{'Low': 'Food', 'High': 'Water', 'Medium': 'Firewood'}","{'high': 'firewood', 'medium': 'water', 'low': 'food'}",0,"{""high"": ""firewood"", ""medium"": ""water"", ""low"": ""food""}"
65-4,agent_1,"{'Medium': 'Food', 'Low': 'Water', 'High': 'Firewood'}","{'high': 'food', 'medium': 'water', 'low': 'firewood'}",0,"{""high"": ""food"", ""medium"": ""water"", ""low"": ""firewood""}"
65-4,agent_2,"{'High': 'Food', 'Low': 'Water', 'Medium': 'Firewood'}","{'high': 'Firewood', 'medium': 'Food', 'low': 'Water'}",0,"{""high"": ""Firewood"", ""medium"": ""Food"", ""low"": ""Water""}"
477-4,agent_1,"{'Medium': 'Food', 'High': 'Water', 'Low': 'Firewood'}","{'high': 'water', 'medium': 'food', 'low': 'firewood'}",1,"{""high"": ""water"", ""medium"": ""food"", ""low"": ""firewood""}"
477-4,agent_2,"{'Low': 'Food', 'High': 'Water', 'Medium': 'Firewood'}","{'high': 'water', 'medium': 'food', 'low': 'firewood'}",0,"{""high"": ""water"", ""medium"": ""food"", ""low"": ""firewood""}"
68-5,agent_1,"{'High': 'Food', 'Medium': 'Water', 'Low': 'Firewood'}","{'high': 'food', 'medium': 'water', 'low': 'firewood'}",1,"{""high"": ""food"", ""medium"": ""water"", ""low"": ""firewood""}"
68-5,agent_2,"{'High': 'Food', 'Medium': 'Water', 'Low': 'Firewood'}","{'high': 'water', 'medium': 'food', 'low': 'firewood'}",0,"{""high"": ""water"", ""medium"": ""food"", ""low"": ""firewood""}"
463-3,agent_1,"{'Low': 'Food', 'High': 'Water', 'Medium': 'Firewood'}","{'high': 'Water', 'medium': 'Food', 'low': 'Firewood'}",0,"{""high"": ""Water"", ""medium"": ""Food"", ""low"": ""Firewood""}"
463-3,agent_2,"{'High': 'Food', 'Low': 'Water', 'Medium': 'Firewood'}","{'high': 'Food', 'medium': 'Firewood', 'low': 'Water'}",1,"{""high"": ""Food"", ""medium"": ""Firewood"", ""low"": ""Water""}"
452-4,agent_1,"{'Low': 'Food', 'High': 'Water', 'Medium': 'Firewood'}","{'high': 'water', 'medium': 'firewood', 'low': 'food'}",1,"{""high"": ""water"", ""medium"": ""firewood"", ""low"": ""food""}"
452-4,agent_2,"{'Medium': 'Food', 'High': 'Water', 'Low': 'Firewood'}","{'high': 'water', 'medium': 'food', 'low': 'firewood'}",1,"{""high"": ""water"", ""medium"": ""food"", ""low"": ""firewood""}"
181-0,agent_1,"{'High': 'Food', 'Low': 'Water', 'Medium': 'Firewood'}","{'high': 'Water', 'medium': 'Food', 'low': 'Firewood'}",0,"{""high"": ""Water"", ""medium"": ""Food"", ""low"": ""Firewood""}"
181-0,agent_2,"{'Low': 'Food', 'Medium': 'Water', 'High': 'Firewood'}","{'high': 'Water', 'medium': 'Firewood', 'low': 'Food'}",0,"{""high"": ""Water"", ""medium"": ""Firewood"", ""low"": ""Food""}"
31-0,agent_1,"{'Low': 'Food', 'High': 'Water', 'Medium': 'Firewood'}","{'high': 'Water', 'medium': 'Food', 'low': 'Firewood'}",0,"{""high"": ""Water"", ""medium"": ""Food"", ""low"": ""Firewood""}"
31-0,agent_2,"{'Medium': 'Food', 'Low': 'Water', 'High': 'Firewood'}","{'high': 'Water', 'medium': 'Food', 'low': 'Firewood'}",0,"{""high"": ""Water"", ""medium"": ""Food"", ""low"": ""Firewood""}"
530-3,agent_1,"{'High': 'Food', 'Low': 'Water', 'Medium': 'Firewood'}","{'high': 'Food', 'medium': 'Water', 'low': 'Firewood'}",0,"{""high"": ""Food"", ""medium"": ""Water"", ""low"": ""Firewood""}"
530-3,agent_2,"{'Low': 'Food', 'Medium': 'Water', 'High': 'Firewood'}","{'high': 'Water', 'medium': 'Firewood', 'low': 'Food'}",0,"{""high"": ""Water"", ""medium"": ""Firewood"", ""low"": ""Food""}"
583-3,agent_1,"{'Low': 'Food', 'High': 'Water', 'Medium': 'Firewood'}","{'high': 'water', 'medium': 'food', 'low': 'firewood'}",0,"{""high"": ""water"", ""medium"": ""food"", ""low"": ""firewood""}"
583-3,agent_2,"{'Low': 'Food', 'Medium': 'Water', 'High': 'Firewood'}","{'high': 'firewood', 'medium': 'water', 'low': 'food'}",1,"{""high"": ""firewood"", ""medium"": ""water"", ""low"": ""food""}"
87-1,agent_1,"{'High': 'Food', 'Medium': 'Water', 'Low': 'Firewood'}","{'high': 'Food', 'medium': 'Water', 'low': 'Firewood'}",1,"{""high"": ""Food"", ""medium"": ""Water"", ""low"": ""Firewood""}"
87-1,agent_2,"{'High': 'Food', 'Low': 'Water', 'Medium': 'Firewood'}","{'high': 'Food', 'medium': 'Water', 'low': 'Firewood'}",0,"{""high"": ""Food"", ""medium"": ""Water"", ""low"": ""Firewood""}"
476-4,agent_1,"{'Low': 'Food', 'Medium': 'Water', 'High': 'Firewood'}","{'high': 'water', 'medium': 'food', 'low': 'firewood'}",0,"{""high"": ""water"", ""medium"": ""food"", ""low"": ""firewood""}"
476-4,agent_2,"{'Low': 'Food', 'Medium': 'Water', 'High': 'Firewood'}","{'high': 'firewood', 'medium': 'food', 'low': 'water'}",0,"{""high"": ""firewood"", ""medium"": ""food"", ""low"": ""water""}"
56-2,agent_1,"{'High': 'Food', 'Low': 'Water', 'Medium': 'Firewood'}","{'high': 'firewood', 'medium': 'food', 'low': 'water'}",0,"{""high"": ""firewood"", ""medium"": ""food"", ""low"": ""water""}"
56-2,agent_2,"{'Medium': 'Food', 'High': 'Water', 'Low': 'Firewood'}","{'high': 'water', 'medium': 'food', 'low': 'firewood'}",1,"{""high"": ""water"", ""medium"": ""food"", ""low"": ""firewood""}"
594-4,agent_1,"{'Low': 'Food', 'High': 'Water', 'Medium': 'Firewood'}","{'high': 'Water', 'medium': 'Firewood', 'low': 'Food'}",1,"{""high"": ""Water"", ""medium"": ""Firewood"", ""low"": ""Food""}"
594-4,agent_2,"{'High': 'Food', 'Medium': 'Water', 'Low': 'Firewood'}","{'high': 'food', 'medium': 'water', 'low': 'firewood'}",1,"{""high"": ""food"", ""medium"": ""water"", ""low"": ""firewood""}"
420-2,agent_1,"{'High': 'Food', 'Low': 'Water', 'Medium': 'Firewood'}","{'high': 'water', 'medium': 'food', 'low': 'firewood'}",0,"{""high"": ""water"", ""medium"": ""food"", ""low"": ""firewood""}"
420-2,agent_2,"{'High': 'Food', 'Low': 'Water', 'Medium': 'Firewood'}","{'high': 'Water', 'medium': 'Food', 'low': 'Firewood'}",0,"{""high"": ""Water"", ""medium"": ""Food"", ""low"": ""Firewood""}"
465-4,agent_1,"{'Low': 'Food', 'Medium': 'Water', 'High': 'Firewood'}","{'high': 'firewood', 'medium': 'water', 'low': 'food'}",1,"{""high"": ""firewood"", ""medium"": ""water"", ""low"": ""food""}"
465-4,agent_2,"{'Medium': 'Food', 'Low': 'Water', 'High': 'Firewood'}","{'high': 'firewood', 'medium': 'food', 'low': 'water'}",1,"{""high"": ""firewood"", ""medium"": ""food"", ""low"": ""water""}"
612-1,agent_1,"{'High': 'Food', 'Medium': 'Water', 'Low': 'Firewood'}","{'high': 'water', 'medium': 'food', 'low': 'firewood'}",0,"{""high"": ""water"", ""medium"": ""food"", ""low"": ""firewood""}"
612-1,agent_2,"{'High': 'Food', 'Low': 'Water', 'Medium': 'Firewood'}","{'high': 'Water', 'medium': 'Food', 'low': 'Firewood'}",0,"{""high"": ""Water"", ""medium"": ""Food"", ""low"": ""Firewood""}"
132-3,agent_1,"{'High': 'Food', 'Medium': 'Water', 'Low': 'Firewood'}","{'high': 'Food', 'medium': 'Water', 'low': 'Firewood'}",1,"{""high"": ""Food"", ""medium"": ""Water"", ""low"": ""Firewood""}"
132-3,agent_2,"{'High': 'Food', 'Low': 'Water', 'Medium': 'Firewood'}","{'high': 'Food', 'medium': 'Water', 'low': 'Firewood'}",0,"{""high"": ""Food"", ""medium"": ""Water"", ""low"": ""Firewood""}"
